entry_temperature,exit_temperature,rolling_speed,strip_thickness,material_grade,deformation_resistance,friction_coefficient,roll_diameter,reduction_ratio,strain_rate,lubrication_type,bending_force
1174.84,941.98,2.72,24.54,a36,154.86,0.245,653.22,0.36,0.58,oil,1222.8
1143.09,927.74,1.7,28.45,a36,108.36,0.215,640.43,0.3,0.8,oil,1089.33
1182.38,901.79,2.55,32.06,a36,161.06,0.23,668.79,0.36,0.74,water-based,1224.46
1226.15,880.59,1.83,22.06,aisi 304,139.04,0.106,647.6,0.4,0.66,dry,1101.68
1138.29,920.95,3.92,28.71,ss400,188.47,0.224,656.15,0.33,0.92,oil,1205.19
1138.29,911.8,4.34,27.58,a36,134.51,0.202,601.3,0.41,0.87,water-based,1178.42
1228.96,926.86,1.72,22.16,ss400,116.22,0.209,706.65,0.46,0.8,dry,1272.58
1188.37,919.06,4.37,29.36,aisi 316,140.57,0.172,645.07,0.25,0.94,water-based,1142.74
1126.53,931.49,3.07,24.1,aisi 316,110.49,0.116,670.93,0.34,0.87,oil,1068.34
1177.13,883.94,2.4,27.32,a36,165.02,0.139,624.92,0.32,0.72,water-based,1184.21
1126.83,939.52,1.73,21.23,ss400,108.7,0.29,659.24,0.41,0.7,water-based,1029.28
1126.71,905.93,3.0,26.89,a36,150.57,0.182,610.91,0.27,0.88,water-based,1009.99
1162.1,962.26,3.88,24.6,aisi 316,108.44,0.193,663.56,0.39,0.84,water-based,1159.41
1054.34,879.32,3.62,32.34,a36,143.59,0.111,639.32,0.46,0.82,dry,1124.25
1063.75,952.08,1.65,20.85,ss400,182.87,0.108,650.88,0.33,0.72,oil,1161.0
1121.89,905.94,1.72,26.28,aisi 316,157.21,0.243,670.94,0.47,0.86,dry,1222.56
1099.36,880.46,2.71,26.88,aisi 304,132.73,0.208,613.02,0.4900999999999999,0.72,water-based,1190.92
1165.71,885.48,2.39,30.88,aisi 316,149.38,0.202,629.47,0.23,0.79,water-based,1056.75
1104.6,890.39,2.2,28.61,aisi 304,150.36,0.149,663.72,0.27,0.94,oil,1118.01
1079.38,912.72,2.34,30.01,a36,159.45,0.249,712.95,0.49,0.73,oil,1253.67
1223.28,915.69,3.91,31.66,a36,122.66,0.134,645.86,0.49,0.64,dry,1216.37
1138.71,882.79,4.29,32.93,ss400,161.85,0.138,667.73,0.23,0.69,dry,1180.17
1153.38,899.27,2.72,24.71,aisi 304,97.4989,0.192,646.79,0.2,0.9,oil,1008.06
1078.76,964.27,4.22,28.07,a36,137.4,0.157,708.27,0.25,0.83,dry,1052.25
1122.78,951.83,2.46,32.6,aisi 304,140.23,0.149,597.58,0.4900999999999999,0.79,water-based,1125.85
1155.55,913.09,2.93,34.84,a36,162.67,0.229,652.84,0.25,0.75,water-based,1089.99
1092.45,901.14,2.18,33.34,aisi 316,150.45,0.23,601.23,0.35,0.85,oil,1141.33
1168.78,903.6,3.42,25.57,a36,121.89,0.265,576.9243,0.45,0.72,dry,1182.73
1119.97,918.41,4.44,22.93,ss400,130.3,0.184,658.92,0.21,0.83,water-based,1009.08
1135.42,869.32,3.31,27.34,aisi 316,153.97,0.115,654.18,0.38,0.73,oil,1165.63
1119.91,892.28,2.57,31.12,ss400,148.42,0.155,641.45,0.28,0.71,dry,1092.26
1242.61,849.94,3.44,27.39,aisi 316,138.42,0.296,646.81,0.46,0.74,water-based,1207.45
1149.33,911.98,1.87,27.25,aisi 304,140.38,0.219,720.9668,0.29,0.76,dry,1115.03
1097.11,919.42,4.17,32.57,ss400,163.92,0.242,642.25,0.41,0.8,dry,1176.28
1191.13,885.5,3.01,25.42,a36,139.65,0.102,665.3,0.4,0.82,dry,1096.29
1088.96,947.22,2.85,32.9,aisi 304,148.24,0.204,630.52,0.27,0.56,oil,972.21
1160.44,863.23,3.26,26.1,a36,191.9714,0.108,658.86,0.21,0.72,water-based,1062.27
1052.02,856.07,3.37,24.92,aisi 316,121.53,0.214,642.85,0.32,0.76,oil,1020.51
1083.59,906.73,1.72,26.81,aisi 316,112.96,0.284,637.68,0.29,0.95,water-based,1064.31
1159.84,931.41,3.55,31.44,a36,165.67,0.294,704.57,0.44,0.69,water-based,1241.21
1186.92,950.52,2.23,21.89,a36,136.43,0.208,685.32,0.44,0.82,oil,1202.42
1158.57,886.23,3.64,22.95,aisi 304,143.64,0.192,654.1,0.34,0.95,oil,1129.96
1144.22,932.36,3.97,34.27,a36,134.38,0.289,580.87,0.38,0.67,water-based,1187.49
1134.94,898.84,3.91,22.63,ss400,144.8,0.235,639.17,0.38,0.84,water-based,1182.78
1076.07,894.82,3.16,28.52,ss400,181.97,0.113,720.9668,0.45,0.72,water-based,1192.03
1114.01,926.51,3.06,28.69,a36,166.04,0.193,643.08,0.33,0.75,dry,1093.41
1126.97,919.57,1.93,27.34,ss400,167.24,0.148,683.1,0.28,0.72,water-based,1145.98
1202.86,852.71,3.83,29.67,a36,121.68,0.194,693.26,0.28,0.73,oil,1085.34
1167.18,944.3,2.31,23.45,aisi 304,126.98,0.191,656.57,0.36,1.06,oil,1213.06
1061.85,941.4,2.99,28.29,ss400,97.4989,0.216,624.75,0.33,0.88,oil,1126.21
1166.2,881.23,2.35,25.58,ss400,133.81,0.171,576.94,0.33,0.91,water-based,1098.52
1130.75,911.87,1.9,29.93,a36,169.13,0.133,670.52,0.23,0.85,water-based,1087.48
1116.15,914.82,3.39,22.12,ss400,160.34,0.201,625.56,0.42,0.64,dry,1187.18
1180.58,907.82,1.66,28.56,aisi 316,145.57,0.266,655.28,0.26,0.84,dry,1178.82
1201.55,883.49,3.75,22.78,aisi 304,149.55,0.233,612.51,0.26,0.91,oil,1143.75
1196.56,879.85,2.45,24.18,aisi 304,136.22,0.168,642.04,0.32,0.71,dry,1080.99
1108.04,899.23,1.5299,23.28,ss400,154.1,0.287,651.01,0.27,0.9,dry,1061.93
1134.54,935.18,3.03,22.74,ss400,165.32,0.282,658.06,0.38,0.87,oil,1150.23
1166.56,916.31,1.64,32.39,aisi 316,117.68,0.142,616.56,0.31,0.99,water-based,1134.09
1198.78,888.88,2.33,24.29,aisi 316,155.99,0.108,685.91,0.33,0.76,dry,1140.81
1126.04,923.15,3.62,33.91,ss400,168.65,0.248,632.09,0.36,0.69,water-based,1136.56
1140.72,827.2475,1.69,34.55,ss400,141.7,0.266,599.77,0.26,0.76,oil,1108.65
1094.68,934.46,4.02,28.57,aisi 316,164.01,0.294,646.73,0.25,0.94,oil,1160.46
1090.19,847.81,1.5299,22.15,a36,191.9714,0.278,651.03,0.46,0.62,dry,1146.38
1190.63,889.13,2.24,25.62,aisi 316,147.91,0.22,654.82,0.33,0.59,oil,1177.97
1217.81,866.41,3.72,31.97,a36,157.87,0.206,690.86,0.32,0.81,oil,1124.94
1146.4,861.16,2.45,25.51,aisi 304,135.24,0.106,642.91,0.21,0.76,oil,1073.11
1200.18,934.82,1.81,21.31,aisi 304,153.63,0.149,646.41,0.35,0.8,dry,1107.46
1168.08,885.97,2.58,28.35,aisi 316,159.21,0.192,616.9,0.37,0.89,dry,1118.11
1117.74,910.4,2.31,32.68,a36,153.9,0.226,674.62,0.37,0.74,dry,1119.83
1168.07,898.59,4.03,31.94,aisi 316,129.61,0.211,655.53,0.41,0.61,oil,1137.35
1226.9,914.31,2.44,22.63,aisi 316,154.13,0.249,637.4,0.25,1.0,water-based,1128.16
1148.21,902.3,3.87,30.09,a36,179.24,0.156,592.86,0.28,0.7,oil,1088.64
1228.23,861.51,4.18,23.31,aisi 316,158.97,0.213,693.33,0.44,0.69,dry,1204.45
1045.8791,929.89,2.8,23.27,aisi 304,169.24,0.118,613.17,0.48,0.91,water-based,1164.9
1191.1,885.19,4.23,33.11,ss400,145.26,0.183,632.26,0.24,0.76,water-based,1100.71
1154.35,853.3,2.63,23.75,ss400,165.0,0.25,660.75,0.35,0.79,dry,1074.49
1135.05,887.16,4.39,23.95,aisi 316,155.59,0.239,614.1,0.26,0.85,water-based,1114.18
1154.59,945.02,1.77,20.1898,a36,130.98,0.29701,605.19,0.22,0.91,water-based,1059.51
1050.62,925.51,3.56,33.06,a36,156.37,0.156,586.28,0.3,0.77,dry,1148.34
1139.02,889.54,2.98,31.89,aisi 304,130.17,0.2,671.63,0.24,0.95,water-based,1034.34
1167.86,889.52,2.66,29.41,a36,137.34,0.166,633.64,0.41,0.59,water-based,1032.11
1223.89,890.35,3.4,31.25,a36,153.79,0.188,720.9668,0.36,0.88,dry,1199.5
1124.09,962.3,3.61,22.28,aisi 304,155.94,0.271,620.17,0.24,0.72,water-based,1098.2
1109.58,911.46,1.5299,26.87,aisi 316,126.22,0.237,622.36,0.2,0.94,water-based,1008.71
1124.91,912.9,2.0,25.27,ss400,171.08,0.276,633.04,0.44,0.81,water-based,1160.54
1195.77,930.91,3.64,21.41,aisi 304,161.44,0.141,657.29,0.25,0.73,water-based,1160.94
1166.44,907.16,3.5,27.29,aisi 316,135.91,0.275,635.89,0.38,0.87,dry,1229.73
1123.51,892.23,4.4,33.81,aisi 304,119.25,0.112,668.37,0.3,0.89,oil,947.2854000000001
1175.66,894.11,3.78,20.6,aisi 316,147.1,0.278,620.64,0.38,0.86,oil,1134.5
1154.85,897.85,4.35,24.37,aisi 304,141.08,0.166,608.55,0.29,0.7,water-based,1144.59
1198.43,898.88,3.61,23.11,aisi 316,152.26,0.163,596.05,0.23,0.75,dry,1038.34
1114.9,921.83,2.39,23.57,aisi 304,142.74,0.202,583.29,0.27,0.8,dry,1035.1
1133.62,901.56,1.82,33.63,aisi 316,109.85,0.288,634.46,0.26,0.8,water-based,1073.19
1130.39,921.98,3.85,27.02,aisi 304,142.23,0.11,640.97,0.33,0.87,oil,1037.62
1076.82,897.58,3.43,26.99,ss400,143.89,0.17,631.06,0.4,0.6,water-based,1035.71
1164.81,902.36,1.64,31.41,ss400,162.67,0.271,687.3,0.28,0.83,dry,1223.18
1163.05,840.05,2.58,22.32,a36,136.04,0.179,686.84,0.2,0.77,dry,947.2854000000001
1150.26,927.49,4.37,27.31,aisi 316,183.57,0.14,639.96,0.36,0.72,oil,1176.46
1138.27,910.39,3.0,26.45,aisi 304,111.77,0.185,596.18,0.38,0.73,dry,1121.25
1079.23,929.94,2.8,28.95,aisi 316,176.22,0.177,633.0,0.49,0.78,dry,1147.33
1128.97,827.2475,2.87,34.84010000000001,ss400,145.51,0.283,632.01,0.38,0.56,dry,1085.2
1132.86,962.65,2.13,31.54,aisi 316,167.19,0.252,630.29,0.34,0.73,oil,1242.24
1109.89,895.81,2.61,25.97,aisi 304,151.6,0.201,629.07,0.37,0.71,dry,1140.37
1141.94,933.25,2.61,32.41,aisi 316,172.79,0.29701,630.4,0.48,0.85,water-based,1250.03
1170.2,868.8,1.66,22.56,aisi 304,142.25,0.193,638.4,0.45,0.72,oil,1217.34
1244.31,918.38,3.8,20.46,ss400,128.03,0.112,630.93,0.3,0.78,water-based,1154.67
1158.73,868.4,2.75,23.07,ss400,178.41,0.152,656.25,0.27,0.95,water-based,1157.42
1162.88,881.29,3.97,25.11,ss400,147.73,0.187,660.81,0.28,0.9,oil,1066.81
1146.28,957.42,4.05,27.66,a36,154.43,0.131,622.68,0.35,0.89,water-based,1109.35
1054.06,894.28,2.14,29.23,ss400,174.7,0.29,688.13,0.42,0.75,oil,1227.15
1148.67,906.52,3.47,33.66,aisi 316,129.36,0.253,620.6,0.35,0.85,water-based,1139.43
1153.01,926.1,2.92,27.65,a36,161.91,0.154,601.47,0.22,0.78,oil,1109.37
1265.7956,914.87,4.14,27.52,ss400,138.2,0.218,661.42,0.42,0.78,dry,1128.05
1140.38,904.51,2.15,20.75,aisi 316,147.36,0.244,625.48,0.44,0.84,dry,1100.53
1165.08,910.95,3.53,20.52,aisi 316,151.45,0.288,659.64,0.29,0.74,water-based,1126.95
1148.26,969.6052,3.32,28.27,aisi 316,120.0,0.276,577.89,0.4,0.95,dry,1138.72
1091.57,898.27,2.39,26.57,aisi 304,134.42,0.203,691.77,0.33,0.78,oil,1058.13
1207.14,906.03,1.91,32.59,a36,177.02,0.255,670.17,0.47,0.86,water-based,1187.36
1187.6,931.52,3.45,22.41,aisi 316,167.72,0.212,604.99,0.45,0.95,dry,1224.77
1189.55,933.17,3.72,20.37,aisi 304,148.75,0.211,605.64,0.36,0.9,dry,1132.59
1104.53,935.61,2.45,26.74,ss400,154.86,0.123,700.17,0.41,0.66,water-based,1195.98
1220.14,919.16,3.43,23.56,aisi 316,144.12,0.125,627.88,0.47,0.84,dry,1193.09
1079.91,865.71,2.69,20.74,aisi 304,177.13,0.206,624.97,0.35,0.89,dry,1117.79
1179.34,949.0,3.64,30.87,aisi 316,145.99,0.154,582.02,0.29,0.89,water-based,1187.8
1259.52,865.61,2.1,21.67,a36,154.64,0.104,639.48,0.43,0.69,dry,1082.3
1100.47,909.08,4.17,29.12,a36,172.92,0.245,643.17,0.27,0.73,dry,1117.46
1121.69,877.37,2.36,24.22,ss400,134.45,0.106,671.46,0.32,0.9,dry,1005.68
1154.98,898.08,2.6,22.6,aisi 316,181.18,0.219,608.03,0.46,0.72,dry,1170.41
1124.83,909.86,1.67,25.7,aisi 304,119.39,0.208,604.39,0.42,0.77,water-based,1066.16
1072.47,909.64,1.83,32.02,ss400,182.59,0.294,663.53,0.32,0.96,oil,1248.01
1153.43,912.66,3.05,25.88,aisi 316,142.55,0.197,680.2,0.26,0.8,oil,1086.7
1096.88,948.41,2.3,31.26,ss400,145.15,0.113,602.87,0.31,0.73,dry,1098.64
1173.68,913.61,4.01,21.88,aisi 304,112.2,0.21,682.45,0.29,0.71,dry,983.02
1104.03,892.68,1.54,31.59,ss400,140.9,0.268,651.13,0.25,0.83,oil,1096.06
1227.5,928.92,2.64,23.55,ss400,129.2,0.29701,682.75,0.42,0.67,dry,1150.33
1110.84,935.68,2.51,30.16,ss400,137.85,0.186,647.89,0.28,0.78,oil,1121.56
1133.9,863.17,1.56,28.49,aisi 316,147.25,0.164,576.9243,0.34,0.83,water-based,1075.83
1190.68,917.92,1.87,33.94,aisi 304,169.16,0.281,645.44,0.32,0.93,water-based,1278.58
1088.46,921.04,2.74,25.81,a36,154.15,0.138,681.8,0.49,0.87,water-based,1099.18
1161.37,891.07,2.98,20.99,aisi 316,156.15,0.223,623.19,0.32,0.73,water-based,1079.68
1215.36,941.27,2.71,20.29,a36,128.09,0.181,638.36,0.22,0.92,water-based,1138.29
1069.63,895.5,3.09,32.4,a36,132.38,0.108,644.72,0.23,0.77,water-based,989.17
1159.23,903.77,3.29,27.87,aisi 316,185.97,0.169,576.9243,0.38,0.68,oil,1110.62
1162.99,894.81,1.53,31.63,aisi 316,135.3,0.153,700.14,0.38,0.78,dry,1160.45
1189.09,900.47,2.89,23.52,aisi 304,183.12,0.237,622.96,0.33,0.94,oil,1159.4
1088.15,867.11,4.39,25.18,aisi 304,145.14,0.29,665.17,0.33,0.82,water-based,1062.56
1083.98,856.8,3.06,20.45,ss400,150.05,0.154,647.4,0.22,0.8,dry,971.66
1176.1,947.84,3.53,34.42,a36,171.41,0.262,687.73,0.35,0.96,dry,1300.8044
1164.85,874.59,2.44,30.02,aisi 304,175.44,0.111,662.18,0.35,0.66,water-based,1133.37
1162.52,870.26,3.82,34.0,ss400,147.78,0.208,642.95,0.24,0.67,water-based,1000.75
1167.32,835.4,3.82,23.98,aisi 304,142.24,0.114,623.19,0.23,0.64,water-based,1085.71
1116.0,880.83,3.06,29.17,aisi 316,148.88,0.287,673.94,0.24,0.84,water-based,1135.06
1161.61,860.31,4.43,30.18,aisi 304,156.76,0.253,593.8,0.23,0.82,water-based,1048.4
1164.65,949.26,1.88,24.76,a36,167.83,0.232,669.38,0.38,0.95,water-based,1153.89
1114.28,930.29,1.55,32.72,aisi 304,150.08,0.265,617.03,0.26,0.82,dry,1144.09
1243.29,879.36,3.81,34.21,a36,162.38,0.23,687.57,0.28,0.76,water-based,1136.7
1173.69,967.57,3.92,33.27,aisi 316,182.77,0.294,654.84,0.25,0.8,water-based,1089.55
1090.43,929.45,1.86,31.09,a36,157.63,0.243,669.32,0.49,0.81,dry,1300.56
1182.83,890.26,2.3,24.16,aisi 304,156.23,0.285,652.46,0.46,0.63,oil,1176.67
1101.27,827.2475,1.55,24.22,ss400,119.62,0.203,597.43,0.27,1.06,water-based,1148.08
1189.35,968.73,2.38,34.45,aisi 316,97.4989,0.123,624.18,0.3,0.85,dry,1146.39
1207.93,858.31,3.82,20.1898,aisi 304,157.77,0.206,670.17,0.26,0.82,dry,1032.9
1108.97,850.64,3.05,30.74,aisi 316,148.1,0.125,655.0,0.35,0.86,oil,1168.77
1198.17,930.68,2.54,30.59,aisi 316,139.7,0.218,685.43,0.21,0.87,water-based,1077.3
1170.64,969.6052,2.62,29.34,aisi 304,154.87,0.196,662.1,0.4,0.79,water-based,1101.69
1191.1,941.53,1.5299,34.84010000000001,aisi 304,148.79,0.225,621.0,0.36,0.74,water-based,1162.93
1244.84,916.92,2.4,24.68,ss400,172.56,0.102,626.12,0.47,0.86,dry,1266.3
1137.73,917.84,3.44,25.1,aisi 316,151.72,0.139,653.09,0.25,0.84,water-based,1059.75
1112.31,925.6,4.42,21.18,aisi 316,135.06,0.198,580.58,0.44,0.72,water-based,1113.83
1105.52,922.77,4.04,26.64,aisi 304,169.8,0.29,700.2,0.44,0.94,water-based,1283.55
1109.21,908.44,1.57,23.92,a36,145.66,0.177,663.25,0.24,0.83,water-based,1060.46
1146.14,903.13,4.2,25.15,aisi 304,160.53,0.185,686.81,0.32,0.87,oil,1082.4
1167.06,898.12,3.85,32.52,aisi 316,140.45,0.243,602.58,0.25,0.94,oil,1146.37
1163.83,877.38,3.84,34.03,aisi 304,137.0,0.221,687.34,0.28,0.8,oil,1110.8
1191.36,891.58,2.87,22.79,ss400,151.68,0.16,716.94,0.28,0.83,water-based,999.54
1150.65,849.21,2.69,25.59,a36,150.26,0.182,610.37,0.37,0.88,water-based,1146.38
1222.68,897.05,2.41,33.93,aisi 304,159.6,0.144,673.14,0.32,0.73,dry,1168.01
1136.77,870.34,1.7,20.93,ss400,144.63,0.293,650.03,0.48,0.81,dry,1207.24
1265.7956,866.89,2.18,21.39,aisi 316,113.27,0.126,603.67,0.24,0.81,dry,1087.74
1181.28,905.4,2.24,22.44,aisi 304,141.34,0.174,664.79,0.49,0.7,water-based,1151.51
1107.14,941.76,2.95,28.93,aisi 316,165.88,0.105,675.01,0.27,1.03,oil,1143.98
1096.46,927.55,3.74,22.26,ss400,144.05,0.144,631.97,0.43,0.66,oil,1052.04
1174.12,852.88,2.92,34.52,aisi 316,145.07,0.256,684.98,0.3,0.67,oil,1149.19
1138.83,870.31,1.67,26.7,ss400,169.73,0.14,600.0,0.24,0.93,water-based,1215.6
1185.7,928.22,4.37,27.52,ss400,135.76,0.116,605.16,0.46,0.87,oil,1135.0
1173.66,870.53,4.33,23.7,ss400,119.14,0.195,654.1,0.29,0.7,dry,1016.03
1146.36,893.26,3.86,27.06,aisi 304,146.79,0.102,650.76,0.4,0.86,dry,1091.1
1107.66,916.5,4.4502,29.93,aisi 316,140.32,0.117,628.5,0.37,0.95,oil,1131.97
1074.26,870.95,3.13,31.27,aisi 316,130.68,0.262,674.29,0.34,0.8,dry,1050.92
1127.67,903.16,4.39,31.31,a36,146.49,0.254,665.93,0.35,1.06,oil,1173.31
1192.82,859.98,1.73,28.67,a36,159.83,0.283,675.74,0.42,0.63,oil,1228.31
1160.7,881.96,2.6,33.57,a36,149.81,0.271,646.31,0.23,0.87,dry,1121.55
1087.71,909.59,2.18,32.26,a36,156.14,0.237,668.08,0.4,0.92,dry,1082.05
1158.66,852.21,2.09,31.36,aisi 316,186.27,0.11,636.63,0.47,0.89,dry,1287.89
1169.27,913.21,1.92,20.83,ss400,143.14,0.257,711.61,0.22,0.78,dry,1134.14
1105.81,899.41,3.37,20.1898,ss400,155.57,0.269,625.62,0.24,0.77,oil,1119.89
1157.69,916.57,3.84,23.19,aisi 304,139.82,0.26,713.16,0.41,0.84,dry,1176.22
1152.91,906.72,3.23,29.95,ss400,133.07,0.202,651.05,0.33,0.88,dry,1143.53
1092.85,940.92,1.94,26.17,aisi 316,138.3,0.147,608.73,0.32,0.86,water-based,1154.65
1167.89,903.76,3.93,26.04,aisi 316,140.42,0.269,691.04,0.24,0.9,dry,1192.19
1178.04,887.12,3.41,33.27,aisi 316,157.19,0.245,653.78,0.35,0.7,dry,1115.61
1204.15,903.67,2.66,33.43,aisi 304,191.9714,0.296,675.53,0.24,0.78,oil,1240.96
1202.69,916.3,3.52,33.64,a36,135.68,0.131,686.72,0.34,0.71,oil,1108.18
1081.12,901.47,2.28,24.71,ss400,141.67,0.145,660.14,0.43,0.76,water-based,1143.4
1103.11,901.22,2.54,30.37,aisi 316,148.74,0.142,632.23,0.28,0.9,dry,1016.42
1175.75,878.94,4.25,24.07,aisi 316,157.92,0.259,679.27,0.34,0.81,dry,1131.3
1175.69,880.11,2.37,22.86,a36,155.27,0.137,650.02,0.4900999999999999,1.06,dry,1157.71
1175.75,857.92,2.91,22.77,aisi 316,175.68,0.113,670.58,0.41,0.82,dry,1149.51
1265.7956,952.49,4.17,25.13,ss400,101.47,0.29701,585.39,0.45,0.81,dry,1154.57
1178.54,862.68,3.62,26.45,aisi 304,102.26,0.105,663.41,0.32,0.81,dry,1010.92
1206.78,879.21,1.69,32.46,aisi 316,140.08,0.267,630.84,0.43,0.74,water-based,1193.01
1197.7,878.45,1.94,21.8,ss400,171.95,0.173,699.6,0.21,0.79,dry,1108.57
1182.57,926.85,1.5299,31.02,aisi 316,118.69,0.268,668.69,0.24,0.91,dry,1022.49
1134.24,891.15,3.39,27.97,a36,97.4989,0.211,657.2,0.26,0.81,dry,947.2854000000001
1187.95,937.43,2.84,24.32,aisi 316,161.42,0.28,664.59,0.32,0.72,water-based,1185.31
1111.36,879.8,1.9,27.39,aisi 316,154.87,0.285,620.05,0.45,0.71,dry,1148.37
1138.16,908.37,4.37,24.5,aisi 304,128.2,0.102,698.7,0.3,0.75,water-based,1103.17
1125.73,874.94,3.09,28.94,a36,130.29,0.115,709.74,0.4,0.81,oil,1115.65
1154.09,964.35,2.23,26.51,a36,130.61,0.15,661.79,0.41,0.92,dry,1173.36
1265.73,864.37,3.0,22.47,aisi 304,152.21,0.234,697.71,0.38,0.67,water-based,1239.03
1056.64,909.29,3.54,21.75,aisi 316,137.47,0.278,632.93,0.31,0.77,oil,1059.13
1184.31,919.01,1.73,28.2,ss400,159.88,0.192,626.09,0.37,0.81,water-based,1170.22
1069.36,912.41,2.32,33.54,a36,97.4989,0.221,651.23,0.3,0.62,water-based,1060.78
1126.4,894.44,3.92,25.16,a36,132.86,0.138,663.05,0.23,0.72,oil,1028.96
1204.45,896.11,2.88,31.0,aisi 316,127.48,0.261,638.18,0.4900999999999999,0.73,dry,1204.84
1153.21,901.31,3.14,29.88,aisi 316,144.87,0.293,666.13,0.24,0.72,dry,1164.28
1096.11,895.59,2.8,33.97,a36,139.24,0.154,659.19,0.22,0.82,water-based,1032.67
1114.23,928.92,1.63,32.31,aisi 316,165.96,0.199,620.05,0.46,0.78,oil,1227.46
1183.98,966.32,2.0,28.5,ss400,112.81,0.117,665.56,0.29,0.74,dry,1084.1
1113.48,883.28,2.84,29.86,a36,150.91,0.212,675.91,0.4,0.84,water-based,1108.08
1160.82,858.91,2.13,33.48,ss400,161.17,0.201,655.14,0.3,0.97,oil,1177.01
1152.28,897.35,1.65,25.99,ss400,187.13,0.129,684.58,0.32,0.96,water-based,1265.71
1117.42,969.6052,4.03,24.9,aisi 316,140.36,0.188,613.48,0.28,0.61,oil,1086.42
1257.2,875.89,4.44,20.1898,ss400,156.49,0.167,664.04,0.3,0.86,dry,1133.46
1181.7,949.17,3.88,32.4,aisi 316,113.92,0.204,614.89,0.32,0.78,dry,1092.91
1048.74,950.33,4.06,32.01,aisi 304,102.16,0.217,616.58,0.42,0.82,water-based,1118.58
1159.32,883.39,2.23,21.57,aisi 316,166.9,0.102,631.07,0.35,0.76,dry,1158.41
1116.91,917.07,4.38,28.65,ss400,149.89,0.252,621.74,0.48,0.81,dry,1239.93
1192.62,948.85,2.09,26.96,aisi 304,173.57,0.243,633.56,0.21,0.82,oil,1109.11
1110.37,888.63,4.35,21.78,aisi 316,122.53,0.173,643.58,0.35,0.74,dry,1072.6
1144.26,893.89,4.4502,34.71,ss400,160.4,0.111,675.11,0.38,0.71,oil,1186.38
1175.25,882.55,3.64,23.22,a36,187.38,0.251,640.37,0.48,0.76,oil,1176.85
1193.29,869.56,4.44,21.01,a36,158.39,0.291,602.43,0.21,0.82,water-based,1073.93
1089.99,880.52,3.21,28.92,aisi 316,155.53,0.148,684.2,0.37,0.86,oil,1030.34
1133.27,863.28,2.28,31.08,aisi 316,150.17,0.165,624.89,0.46,0.89,dry,1216.62
1126.25,901.02,2.81,20.49,a36,118.58,0.137,648.24,0.27,0.75,oil,1036.39
1117.33,876.9,3.28,29.88,ss400,177.11,0.215,663.4,0.46,0.83,oil,1274.49
1238.27,907.01,1.72,27.98,ss400,137.78,0.131,655.99,0.21,0.9,water-based,1085.76
1170.25,853.32,3.37,21.55,ss400,160.09,0.171,682.83,0.42,0.92,dry,1199.12
1086.96,909.93,4.44,22.59,aisi 316,118.74,0.239,664.37,0.48,0.79,dry,1207.05
1195.89,925.01,2.07,28.52,aisi 304,126.41,0.212,624.16,0.4,0.78,dry,1218.88
1256.11,840.19,3.88,24.45,aisi 304,178.7,0.177,715.36,0.33,0.82,oil,1166.57
1201.62,911.22,4.22,34.07,aisi 304,143.05,0.184,655.83,0.21,0.69,dry,1069.7
1074.03,936.83,4.33,32.28,aisi 304,179.07,0.212,645.58,0.48,0.78,dry,1271.85
1125.79,863.71,4.38,34.75,aisi 304,148.44,0.102,678.92,0.34,0.87,oil,1036.44
1213.35,950.18,3.06,23.9,aisi 316,113.16,0.116,657.48,0.21,0.86,water-based,1026.55
1114.62,912.57,4.43,34.55,aisi 316,167.84,0.276,661.98,0.41,0.77,water-based,1280.49
1172.19,878.85,3.77,26.47,aisi 304,138.2,0.116,720.9668,0.34,0.82,oil,1150.14
1188.73,898.33,1.99,25.21,aisi 316,163.97,0.241,641.75,0.24,0.72,water-based,1137.97
1103.65,916.75,2.93,20.76,aisi 316,150.5,0.284,640.47,0.26,0.87,water-based,1023.39
1147.02,902.28,3.65,20.79,aisi 304,119.14,0.154,653.5,0.22,0.79,water-based,1002.08
1045.8791,916.16,2.24,30.38,ss400,153.29,0.174,682.15,0.37,0.77,dry,1092.71
1098.78,872.38,3.42,26.87,aisi 316,191.9714,0.214,604.8,0.39,0.76,water-based,1206.01
1137.37,905.08,3.5,23.4,ss400,159.86,0.276,591.03,0.35,0.79,dry,1111.14
1087.61,857.59,1.99,29.21,aisi 316,148.85,0.288,632.39,0.45,0.76,water-based,1139.05
1231.62,896.66,3.2,23.79,aisi 316,171.51,0.248,600.98,0.46,0.87,dry,1139.96
1078.49,872.88,3.81,28.66,aisi 304,154.21,0.117,637.26,0.38,0.76,oil,1163.09
1128.0,877.93,3.0,25.39,aisi 316,154.19,0.234,665.07,0.2,0.96,oil,1060.31
1156.54,937.08,1.54,32.35,a36,128.17,0.182,623.28,0.41,0.95,water-based,1177.17
1222.06,932.74,1.53,32.31,a36,154.68,0.194,607.2,0.33,0.71,dry,1146.55
1078.21,918.27,2.57,27.16,aisi 304,170.71,0.11,652.08,0.37,0.81,oil,1080.57
1208.16,867.23,4.28,25.26,ss400,133.28,0.138,675.88,0.39,0.73,oil,1070.67
1150.51,890.51,2.19,25.44,ss400,178.49,0.258,599.15,0.31,0.77,oil,1117.25
1100.92,936.39,3.4,32.09,ss400,148.17,0.191,674.61,0.48,1.0,oil,1201.39
1173.11,904.25,2.17,24.92,a36,132.24,0.16,674.52,0.24,0.77,water-based,1066.62
1159.95,969.58,2.47,23.14,ss400,169.95,0.177,678.62,0.4,0.84,dry,1167.58
1119.99,911.8,4.04,21.27,ss400,144.26,0.271,686.55,0.2,0.85,oil,1152.6
1153.49,905.76,3.69,27.0,aisi 304,165.19,0.25,716.06,0.48,0.7,water-based,1275.6
1130.73,890.73,1.79,27.23,ss400,144.16,0.154,639.32,0.23,0.71,oil,1104.74
1155.68,904.01,2.79,32.61,a36,148.8,0.124,653.29,0.23,0.68,oil,1044.39
1183.11,895.43,1.59,23.32,a36,159.87,0.15,637.51,0.3,0.71,oil,1170.88
1229.3,921.24,2.94,25.71,a36,155.82,0.284,650.06,0.31,0.56,oil,1110.03
1088.11,928.7,3.49,32.13,aisi 304,110.09,0.216,695.99,0.26,0.85,water-based,1051.65
1256.65,876.42,1.86,32.35,aisi 304,127.58,0.207,609.65,0.38,1.01,dry,1187.88
1052.4,860.06,2.37,25.77,aisi 316,168.59,0.219,624.17,0.33,0.81,water-based,1158.74
1142.41,844.91,2.69,26.89,ss400,147.36,0.173,691.32,0.21,0.66,water-based,1087.54
1179.42,915.24,4.26,24.55,aisi 304,139.53,0.261,680.6,0.3,0.74,water-based,1082.76
1164.05,866.9,4.4502,33.99,a36,122.83,0.205,639.11,0.44,0.75,oil,1108.59
1118.87,835.41,1.63,21.78,a36,128.41,0.123,675.63,0.41,0.7,dry,1101.48
1139.59,911.66,3.78,34.01,aisi 304,109.56,0.126,660.24,0.42,0.89,oil,1160.9
1125.35,969.6052,2.62,30.26,aisi 304,147.97,0.207,695.01,0.41,0.88,water-based,1175.6
1120.53,899.82,2.68,27.97,aisi 304,138.03,0.287,652.24,0.29,0.68,oil,1008.21
1192.48,925.15,3.76,20.49,aisi 316,130.67,0.162,680.77,0.23,0.87,dry,1042.23
1167.85,902.45,4.26,27.13,a36,148.64,0.274,720.9668,0.28,0.95,dry,1147.51
1115.35,897.03,4.35,26.12,aisi 316,157.28,0.253,667.94,0.45,0.99,oil,1300.79
1194.98,927.57,3.23,22.42,aisi 316,191.86,0.15,651.48,0.49,1.06,water-based,1231.78
1165.36,891.29,2.57,29.85,ss400,119.76,0.107,671.67,0.35,0.71,oil,1080.31
1190.64,908.02,3.86,34.57,a36,173.19,0.12,639.04,0.2,1.06,water-based,1098.25
1181.48,909.65,2.25,28.43,a36,169.46,0.246,720.9668,0.24,0.76,dry,1183.58
1108.55,879.96,3.19,30.72,aisi 304,134.42,0.14,655.4,0.3,0.74,oil,1059.91
1121.99,929.76,2.58,21.03,aisi 304,154.06,0.174,641.81,0.37,0.83,dry,1077.42
1187.36,894.75,3.47,26.27,ss400,140.85,0.2,624.93,0.22,0.74,water-based,1105.2
1180.52,877.33,2.22,21.75,aisi 316,153.71,0.245,682.92,0.48,0.84,water-based,1207.3
1148.95,916.1,2.07,29.19,aisi 304,180.18,0.123,676.02,0.31,0.67,oil,1073.69
1155.87,873.05,4.25,34.08,aisi 304,162.11,0.181,635.08,0.47,0.78,oil,1160.8
1213.88,900.85,1.81,29.93,a36,160.17,0.197,667.29,0.43,0.93,oil,1300.8044
1120.42,899.73,3.02,21.15,a36,141.39,0.208,604.74,0.43,0.79,dry,1137.29
1177.35,932.58,2.16,25.32,aisi 304,120.32,0.264,655.55,0.38,0.81,water-based,1150.27
1139.89,914.24,1.62,28.26,a36,145.83,0.134,663.58,0.39,0.85,water-based,1132.21
1139.12,899.25,1.61,26.05,ss400,174.13,0.262,701.22,0.39,0.92,dry,1240.94
1204.94,924.53,2.03,32.5,aisi 304,119.46,0.239,626.88,0.39,0.63,oil,1157.32
1191.27,941.71,4.1,32.22,a36,128.9,0.211,611.65,0.37,0.86,oil,1152.38
1190.68,916.73,2.35,29.18,ss400,152.53,0.24,623.14,0.4900999999999999,0.77,dry,1256.67
1215.27,900.31,4.35,25.6,a36,130.31,0.182,609.9,0.42,0.82,water-based,1183.92
1151.05,860.64,3.24,23.83,a36,134.15,0.128,690.1,0.43,0.91,water-based,1131.94
1184.1,868.05,2.81,21.59,a36,141.53,0.233,696.46,0.46,0.68,water-based,1112.55
1134.49,890.84,3.24,25.32,aisi 304,122.69,0.205,659.61,0.26,0.7,water-based,1007.56
1166.21,881.71,3.05,26.2,aisi 316,130.52,0.228,686.64,0.23,0.61,dry,947.2854000000001
1143.49,894.39,3.78,30.14,a36,164.07,0.168,654.02,0.34,0.75,water-based,1228.71
1154.85,901.7,2.35,29.87,ss400,123.85,0.281,647.15,0.35,0.93,dry,1199.22
1179.76,915.89,2.56,21.05,aisi 304,118.04,0.217,640.01,0.45,0.79,oil,1102.2
1109.09,897.89,4.18,25.93,aisi 304,137.4,0.117,640.69,0.33,0.67,dry,1034.4
1254.62,914.6,4.34,22.73,ss400,164.64,0.19,603.57,0.37,0.75,water-based,1156.34
1099.7,901.93,4.18,22.35,a36,146.06,0.251,657.93,0.36,0.65,oil,1161.57
1089.29,840.74,2.76,32.41,aisi 316,140.71,0.259,648.79,0.21,0.69,dry,969.32
1207.91,871.82,3.84,20.63,a36,150.89,0.199,672.36,0.38,0.84,dry,1135.02
1189.58,895.68,2.93,26.29,ss400,115.09,0.279,652.81,0.45,0.68,dry,1162.38
1181.21,863.71,2.99,22.52,aisi 304,159.89,0.154,645.12,0.25,0.91,oil,1126.48
1181.42,918.0,2.11,33.19,aisi 316,157.67,0.182,623.86,0.38,0.79,dry,1181.19
1149.39,945.92,3.27,28.36,aisi 304,141.81,0.28,652.16,0.38,0.81,water-based,1081.39
1105.14,936.56,2.06,23.47,ss400,170.12,0.279,672.15,0.25,0.77,oil,1117.8
1153.79,893.6,2.49,27.54,a36,127.45,0.237,615.7,0.24,0.88,oil,1006.31
1116.14,944.72,4.07,30.97,aisi 316,172.56,0.272,652.62,0.49,0.88,dry,1262.54
1198.76,904.46,2.12,34.37,aisi 304,153.09,0.118,656.99,0.32,0.83,water-based,1222.5
1142.65,889.89,1.71,23.31,aisi 304,143.27,0.273,628.46,0.27,0.86,oil,1008.04
1108.73,881.6,1.71,33.29,aisi 304,149.6,0.164,632.36,0.25,0.78,dry,1031.3
1133.93,890.93,4.32,34.01,a36,147.85,0.136,656.92,0.4,0.85,water-based,1117.31
1170.65,888.35,3.02,33.75,aisi 316,174.41,0.148,616.0,0.38,0.77,dry,1165.04
1121.81,905.11,2.73,29.53,a36,128.47,0.184,660.5,0.39,0.8,dry,1145.4
1108.89,904.82,3.93,29.45,a36,134.75,0.15,623.14,0.23,0.77,oil,1007.98
1162.18,900.09,4.01,26.05,a36,170.73,0.164,681.89,0.47,0.75,oil,1213.4
1162.25,913.11,2.5,31.29,ss400,138.09,0.127,720.13,0.32,0.73,dry,1090.6
1124.65,935.72,3.58,27.97,ss400,168.01,0.159,624.18,0.29,0.85,oil,1147.1
1126.45,928.49,3.81,30.16,ss400,183.99,0.214,666.03,0.34,0.93,oil,1245.16
1161.6,855.45,3.46,26.43,aisi 316,141.96,0.188,628.2,0.32,0.92,water-based,1082.77
1077.6,827.2475,1.95,30.97,a36,163.63,0.169,681.23,0.46,0.67,water-based,1199.0
1079.63,928.03,4.13,32.37,a36,126.93,0.249,612.04,0.48,0.93,dry,1166.64
1114.08,858.99,3.12,22.2,ss400,165.09,0.279,664.42,0.29,0.77,dry,1168.99
1139.33,893.26,2.35,32.49,a36,153.99,0.251,623.81,0.46,0.86,dry,1192.05
1165.55,864.9,2.78,28.1,a36,159.46,0.166,643.79,0.43,0.71,dry,1171.6
1223.77,845.94,1.61,32.67,aisi 304,137.09,0.249,619.07,0.48,0.81,water-based,1224.32
1192.88,916.24,1.88,26.47,a36,116.78,0.13,674.67,0.27,0.83,oil,1048.74
1142.0,922.77,3.8,25.69,aisi 304,160.07,0.126,624.89,0.37,0.65,water-based,1133.2
1149.05,882.7,1.5299,33.73,a36,108.73,0.169,666.56,0.28,0.86,dry,1081.1
1099.87,827.2475,2.75,23.77,aisi 316,143.65,0.262,639.68,0.45,0.93,dry,1102.98
1149.07,883.61,3.07,32.66,ss400,168.82,0.149,646.57,0.2,0.78,water-based,1172.93
1135.57,911.75,1.66,27.26,aisi 304,153.84,0.113,654.43,0.37,0.94,water-based,1060.71
1166.14,855.63,4.42,27.71,ss400,188.97,0.126,627.15,0.3,0.78,dry,1104.37
1108.64,905.5,2.18,24.63,aisi 304,170.5,0.272,656.31,0.3,0.88,oil,1136.19
1175.97,899.54,2.41,28.6,aisi 304,136.92,0.227,695.91,0.39,0.58,dry,1153.86
1226.64,917.38,2.41,24.88,aisi 304,150.55,0.151,626.66,0.46,1.04,water-based,1300.8044
1144.56,903.59,2.19,20.59,aisi 316,149.05,0.211,685.15,0.38,0.95,dry,1065.18
1170.09,870.81,1.5299,24.08,a36,118.36,0.206,694.94,0.46,0.77,dry,1111.48
1184.51,935.9,3.69,20.1898,aisi 304,131.19,0.231,625.52,0.28,0.6,oil,947.33
1129.94,895.24,4.4,34.68,aisi 316,138.78,0.147,606.35,0.36,0.83,dry,1121.68
1161.2,899.18,2.17,34.49,aisi 304,109.28,0.273,659.06,0.34,0.66,dry,1113.71
1150.63,872.0,3.49,25.93,a36,150.95,0.162,633.58,0.2,0.84,dry,1105.66
1154.88,886.7,3.73,30.93,aisi 304,145.02,0.239,706.06,0.37,0.84,water-based,1168.08
1111.35,873.46,4.05,25.19,aisi 316,116.54,0.103,651.04,0.4,0.71,water-based,1127.55
1151.23,894.81,2.77,30.07,a36,158.08,0.175,625.93,0.38,0.91,oil,1186.75
1174.9,951.35,2.41,32.08,aisi 316,164.32,0.17,615.59,0.42,0.88,dry,1198.67
1222.56,858.84,2.48,34.2,a36,154.54,0.209,682.7,0.37,0.9,water-based,1120.47
1197.96,851.59,3.64,26.0,a36,143.52,0.115,632.86,0.22,0.8,oil,1041.95
1257.66,944.14,3.95,31.75,ss400,161.83,0.258,651.31,0.23,0.66,dry,1071.1
1111.63,893.72,2.04,23.99,ss400,163.6,0.144,678.67,0.38,0.9,oil,1233.74
1193.62,879.93,2.61,34.84010000000001,ss400,156.15,0.235,635.47,0.28,0.77,oil,1148.67
1159.17,931.2,4.21,20.39,a36,133.51,0.261,648.62,0.22,0.66,oil,1079.84
1259.49,881.83,3.92,29.05,aisi 304,155.53,0.212,649.5,0.33,0.94,oil,1149.25
1109.59,954.78,4.45,29.89,aisi 316,173.91,0.248,670.5,0.37,1.01,oil,1223.87
1108.01,920.34,3.76,30.32,aisi 316,138.07,0.232,667.72,0.3,0.8,oil,1115.91
1120.03,885.36,2.68,21.81,aisi 316,191.96,0.171,643.4,0.42,1.02,oil,1216.51
1045.8791,964.72,3.27,34.08,ss400,139.49,0.262,651.91,0.39,0.81,dry,1142.65
1123.71,881.83,3.48,22.72,a36,150.65,0.159,638.85,0.3,0.76,dry,1073.23
1112.04,922.26,1.74,29.34,ss400,136.55,0.214,605.67,0.43,0.74,oil,1126.76
1157.52,908.98,3.13,23.34,aisi 304,154.47,0.249,657.73,0.39,0.96,dry,1111.65
1167.09,939.05,3.63,24.61,a36,115.16,0.176,706.77,0.39,0.72,oil,1157.71
1243.81,946.85,2.0,28.2,aisi 316,139.08,0.161,623.49,0.37,0.87,dry,1211.82
1197.52,900.96,3.84,26.26,ss400,128.16,0.192,626.81,0.2,0.74,water-based,1056.15
1121.15,877.4,3.25,22.4,ss400,152.71,0.264,623.88,0.41,0.75,oil,1246.65
1105.08,913.8,4.36,22.56,aisi 304,169.89,0.286,671.74,0.31,0.9,water-based,1126.56
1174.6,879.67,1.63,26.27,aisi 304,162.92,0.209,663.45,0.48,0.76,oil,1285.81
1083.99,960.4,2.3,31.36,ss400,102.57,0.232,645.24,0.45,0.76,oil,1161.81
1241.57,904.1,3.3,33.47,aisi 304,190.84,0.281,622.46,0.38,0.91,water-based,1216.03
1208.97,889.04,2.39,21.26,aisi 316,155.91,0.12,652.77,0.28,0.96,water-based,1215.28
1126.54,905.54,3.64,25.9,aisi 304,134.47,0.146,603.06,0.26,0.86,water-based,1100.21
1064.34,859.59,3.78,21.5,aisi 304,153.14,0.242,654.3,0.3,0.73,oil,1053.73
1217.69,870.85,1.81,20.25,ss400,153.52,0.265,676.15,0.34,0.75,water-based,1206.34
1144.27,936.01,3.04,29.93,ss400,136.66,0.271,612.46,0.29,0.81,water-based,1113.84
1211.89,880.29,3.03,29.04,a36,153.96,0.183,604.02,0.35,0.83,dry,1176.77
1070.28,868.59,2.61,22.45,a36,137.85,0.118,697.38,0.25,0.7,dry,947.2854000000001
1120.03,916.1,4.3,23.51,ss400,141.91,0.188,631.65,0.49,0.87,water-based,1146.42
1150.26,935.57,3.98,20.36,aisi 304,136.27,0.146,684.08,0.23,0.81,water-based,1087.3
1152.35,921.57,3.59,32.52,aisi 304,121.35,0.158,645.38,0.48,0.63,water-based,1143.85
1127.5,929.88,3.64,34.62,a36,152.92,0.254,645.14,0.47,0.71,water-based,1215.95
1181.14,877.3,2.89,22.03,a36,161.71,0.115,663.15,0.36,0.75,dry,1040.01
1096.62,857.35,4.26,23.47,a36,160.3,0.266,623.48,0.42,0.79,oil,1230.0
1142.88,945.04,3.58,33.03,aisi 316,166.4,0.186,653.97,0.33,0.99,water-based,1250.56
1156.01,890.32,3.69,33.9,aisi 316,156.49,0.219,638.56,0.39,0.82,water-based,1181.73
1175.72,892.48,4.09,26.29,a36,139.35,0.118,610.39,0.3,0.72,dry,1028.07
1185.58,939.85,2.32,20.76,aisi 304,166.79,0.167,660.12,0.29,0.82,water-based,1180.82
1093.77,916.69,3.92,20.59,a36,122.85,0.118,642.1,0.37,0.76,water-based,1146.74
1073.29,913.68,2.09,28.61,aisi 316,131.99,0.292,645.29,0.35,0.83,dry,1171.76
1213.88,964.95,2.54,25.89,aisi 304,130.72,0.261,613.7,0.37,0.86,water-based,1277.93
1166.62,880.69,2.51,20.43,aisi 316,171.6,0.192,697.74,0.29,0.92,water-based,1098.37
1112.58,927.84,4.44,28.75,aisi 304,168.86,0.145,676.3,0.31,0.8,dry,1070.09
1227.56,901.71,4.07,20.1898,aisi 316,159.75,0.287,678.92,0.23,0.96,oil,1070.19
1155.78,908.06,3.6,31.81,aisi 304,171.44,0.169,640.84,0.22,0.89,water-based,1132.77
1208.96,945.85,3.68,24.6,aisi 304,132.41,0.132,598.12,0.28,0.73,water-based,1080.0
1153.38,915.24,3.19,20.6,aisi 304,156.97,0.213,708.59,0.22,1.02,oil,1084.24
1253.04,916.15,4.34,28.83,aisi 304,147.5,0.289,648.17,0.23,0.83,dry,1155.43
1237.77,932.18,2.99,25.97,ss400,166.94,0.102,627.54,0.44,0.72,oil,1278.15
1137.55,889.05,2.64,34.61,aisi 316,147.7,0.148,662.5,0.21,0.97,water-based,1019.89
1198.58,874.82,1.99,28.16,aisi 316,142.3,0.288,685.01,0.4,1.01,oil,1187.01
1182.27,868.66,3.86,24.13,ss400,160.82,0.134,649.31,0.28,0.8,dry,1143.23
1218.43,841.01,3.7,30.64,aisi 304,167.52,0.123,688.36,0.46,0.75,water-based,1186.05
1101.75,961.69,2.65,24.07,aisi 304,136.63,0.214,682.49,0.35,0.78,dry,1066.56
1184.3,866.9,1.58,33.56,aisi 316,148.78,0.272,617.71,0.29,0.87,dry,1201.51
1202.92,893.36,4.02,25.62,ss400,128.83,0.195,629.79,0.36,0.93,oil,1081.59
1062.06,891.7,1.53,28.25,aisi 304,100.04,0.29701,678.73,0.31,0.86,oil,1047.81
1090.84,909.22,3.61,20.76,aisi 304,154.01,0.236,576.9243,0.37,0.81,dry,1122.45
1048.04,924.47,4.41,26.39,aisi 304,162.18,0.115,645.52,0.23,0.95,dry,1014.5
1136.53,925.81,2.81,32.49,a36,155.24,0.29701,607.08,0.4900999999999999,0.77,water-based,1274.84
1185.88,882.51,2.2,32.08,ss400,111.01,0.182,635.7,0.33,0.9,dry,1090.1
1225.12,894.99,3.61,23.36,aisi 304,142.98,0.157,641.04,0.3,0.77,dry,1159.59
1153.7,908.48,3.95,23.39,a36,105.63,0.212,639.25,0.41,0.84,oil,1085.35
1231.43,892.54,3.14,32.26,ss400,177.39,0.161,633.43,0.31,0.79,dry,1217.29
1080.99,948.22,4.4,33.96,aisi 304,128.28,0.117,617.09,0.45,0.79,dry,1164.99
1064.83,914.73,1.66,21.43,aisi 316,175.11,0.102,718.76,0.34,0.76,oil,1088.47
1147.22,922.05,3.01,26.75,a36,168.92,0.19,706.02,0.42,0.93,water-based,1100.53
1169.2,919.89,3.66,25.06,a36,131.99,0.267,615.14,0.23,0.73,oil,1061.6
1148.37,935.2,4.09,33.06,aisi 304,127.34,0.214,697.46,0.45,0.73,oil,1173.67
1046.63,905.43,2.04,21.25,aisi 304,157.01,0.29701,638.02,0.42,1.01,dry,1197.99
1145.54,861.1,3.9,23.17,a36,133.11,0.157,653.88,0.26,0.9,dry,1017.55
1084.78,911.99,3.16,31.29,aisi 316,152.05,0.156,648.1,0.24,0.56,water-based,1031.63
1183.48,880.46,2.69,20.77,aisi 316,140.34,0.132,630.21,0.29,0.74,dry,1165.52
1168.33,884.14,1.9,27.39,ss400,114.38,0.133,679.52,0.49,0.62,water-based,1090.54
1103.01,917.59,4.1,26.63,aisi 304,105.39,0.157,653.78,0.28,0.7,water-based,1048.39
1124.31,937.15,1.97,25.02,aisi 316,154.53,0.259,635.7,0.34,0.56,water-based,1097.51
1097.04,900.64,2.43,25.92,ss400,138.77,0.281,610.86,0.21,0.79,water-based,1051.7
1146.87,909.26,2.37,27.95,aisi 316,138.94,0.295,623.19,0.32,0.69,dry,1103.94
1197.76,951.07,4.11,22.42,aisi 304,163.92,0.146,600.76,0.37,0.81,oil,1109.8
1100.71,907.22,3.52,28.58,ss400,173.47,0.276,650.37,0.49,0.64,oil,1264.71
1175.2,969.6052,3.89,32.08,ss400,144.55,0.166,614.1,0.36,0.81,dry,1235.58
1123.49,916.97,2.25,31.4,ss400,143.19,0.123,642.03,0.45,0.76,dry,1201.7
1110.36,847.18,3.37,22.31,aisi 316,160.0,0.274,691.1,0.36,0.95,water-based,1165.86
1144.65,922.6,3.22,22.24,aisi 304,122.86,0.227,685.98,0.21,0.94,dry,986.91
1098.24,911.43,4.0,24.02,ss400,154.46,0.133,649.03,0.29,0.88,oil,1120.5
1122.32,938.69,4.22,25.42,a36,161.04,0.186,647.39,0.37,0.77,dry,1229.78
1090.11,920.2,1.54,26.13,aisi 304,163.6,0.157,706.4,0.49,1.0,dry,1202.25
1248.24,895.85,3.52,30.2,a36,111.26,0.247,665.62,0.46,0.64,water-based,1144.46
1151.76,863.27,1.66,20.85,a36,134.77,0.191,640.17,0.27,0.66,water-based,1008.06
1115.01,893.73,3.15,20.52,ss400,132.43,0.29701,607.22,0.27,0.79,water-based,1055.99
1160.7,874.48,2.36,25.88,ss400,152.0,0.111,661.82,0.26,1.03,water-based,981.34
1144.38,882.58,2.42,30.46,aisi 316,159.61,0.171,674.88,0.48,0.78,oil,1239.14
1138.95,917.66,2.56,22.9,aisi 316,179.93,0.196,631.05,0.46,0.78,dry,1172.33
1180.71,950.1,3.36,29.62,aisi 316,140.1,0.201,658.74,0.43,0.66,dry,1094.48
1187.88,911.84,2.5,23.9,aisi 304,140.05,0.163,639.09,0.32,0.89,water-based,1155.96
1123.47,864.12,3.7,33.29,aisi 316,172.99,0.246,644.48,0.35,0.9,oil,1129.88
1121.21,913.34,2.71,33.44,a36,155.93,0.275,576.9243,0.34,0.88,oil,1133.45
1136.25,935.9,1.71,24.46,aisi 316,175.35,0.288,643.35,0.28,0.74,dry,1219.48
1045.8791,881.71,3.85,23.45,ss400,155.77,0.261,679.08,0.35,0.73,water-based,1048.83
1074.24,895.98,2.36,26.17,aisi 316,126.86,0.27,631.06,0.21,0.67,dry,947.2854000000001
1218.34,900.44,2.8,23.61,aisi 304,123.34,0.21,651.58,0.24,0.81,dry,1068.85
1232.25,876.45,3.56,30.09,aisi 304,118.97,0.265,627.32,0.47,0.69,oil,1235.58
1137.55,919.45,2.5,32.39,a36,163.24,0.161,660.81,0.43,0.68,oil,1095.83
1178.83,896.37,1.67,30.1,aisi 304,173.77,0.18,643.5,0.33,0.76,dry,1179.25
1165.56,912.59,2.62,32.37,aisi 316,186.99,0.163,621.82,0.36,0.75,water-based,1231.92
1265.7956,873.38,4.33,25.95,ss400,166.86,0.193,689.98,0.31,0.75,water-based,1081.79
1205.98,886.88,3.43,22.34,aisi 304,173.26,0.157,677.87,0.42,0.85,dry,1228.18
1143.6,921.67,3.51,31.07,a36,138.4,0.292,631.85,0.44,0.81,dry,1218.28
1102.22,888.82,3.4,25.41,aisi 316,126.87,0.163,664.93,0.43,0.77,water-based,1111.0
1069.68,951.81,2.1,30.07,a36,167.0,0.12,666.12,0.42,0.82,water-based,1230.52
1160.17,888.01,2.76,24.06,aisi 304,158.35,0.205,669.27,0.26,0.7,water-based,1145.39
1112.18,906.74,3.75,21.22,aisi 304,152.15,0.111,599.17,0.3,0.81,dry,1058.28
1078.89,927.98,1.8,34.84010000000001,a36,157.75,0.122,680.2,0.34,0.82,oil,1102.74
1117.67,857.45,2.33,22.34,aisi 316,156.46,0.144,632.91,0.3,0.65,water-based,1026.03
1095.92,847.18,2.33,34.83,aisi 304,175.68,0.193,639.27,0.43,0.9,water-based,1208.94
1234.36,854.23,2.8,34.66,ss400,175.9,0.187,720.9668,0.3,0.71,water-based,1223.29
1194.08,937.88,4.44,31.91,aisi 304,160.88,0.26,659.06,0.24,0.81,dry,1106.91
1149.6,883.44,1.7,29.89,aisi 316,166.92,0.248,638.41,0.32,0.92,oil,1067.81
1224.0,969.6052,3.06,28.67,aisi 304,160.28,0.185,583.84,0.49,0.89,oil,1300.8044
1153.87,883.07,2.04,32.99,a36,140.78,0.167,691.69,0.27,0.8,water-based,1100.05
1106.94,905.54,4.41,24.34,aisi 304,165.13,0.163,609.64,0.38,0.76,dry,1098.52
1226.16,946.26,1.84,27.02,aisi 304,122.11,0.255,619.9,0.33,0.89,oil,1185.91
1176.95,960.18,2.71,29.29,aisi 316,171.08,0.11,640.06,0.22,0.87,dry,1187.97
1098.14,961.85,3.71,26.17,a36,126.11,0.103,692.49,0.35,0.74,oil,947.2854000000001
1140.48,936.25,3.61,26.41,aisi 316,155.72,0.259,673.2,0.41,0.72,water-based,1210.26
1106.22,930.72,2.77,24.95,aisi 304,133.1,0.195,645.26,0.35,0.59,dry,1001.06
1080.86,917.78,2.54,28.46,ss400,161.07,0.126,659.25,0.46,0.82,water-based,1226.36
1196.31,923.35,2.69,32.76,aisi 304,149.32,0.147,631.99,0.29,0.79,oil,1127.85
1245.47,883.46,2.29,23.02,aisi 316,118.1,0.287,654.19,0.23,0.91,oil,1122.61
1080.07,875.45,2.12,34.02,ss400,158.41,0.272,652.2,0.48,0.84,water-based,1221.25
1178.15,899.9,2.95,30.34,aisi 316,138.44,0.242,679.06,0.31,0.93,oil,1054.82
1117.47,894.89,2.31,32.35,aisi 316,167.62,0.196,679.02,0.37,0.73,water-based,1156.12
1125.64,886.4,2.36,28.34,a36,150.03,0.204,664.82,0.44,0.91,water-based,1201.5
1120.38,920.89,3.47,31.69,ss400,157.91,0.295,639.13,0.3,0.75,water-based,1208.61
1106.8,928.66,4.41,20.24,aisi 304,130.85,0.293,672.25,0.41,0.88,oil,1076.37
1152.43,902.65,3.31,32.28,aisi 316,138.21,0.143,647.24,0.24,0.65,dry,1104.28
1108.45,944.33,1.73,20.6,aisi 304,140.83,0.262,617.54,0.29,0.82,water-based,1061.14
1163.52,865.75,1.73,33.35,a36,167.13,0.139,637.9,0.24,0.6,dry,1086.33
1147.49,894.19,4.35,34.84010000000001,a36,183.55,0.143,652.54,0.44,0.77,oil,1176.98
1138.05,878.5,2.39,24.41,ss400,133.9,0.235,677.31,0.27,0.84,oil,1103.51
1104.62,844.0,1.78,23.15,a36,171.54,0.181,644.49,0.42,0.75,dry,1184.36
1121.16,897.52,3.3,31.48,a36,106.61,0.286,613.72,0.48,0.69,water-based,1080.56
1187.77,896.35,3.37,23.8,aisi 304,126.12,0.118,651.7,0.36,0.88,oil,1065.68
1175.05,945.4,3.45,32.98,a36,130.82,0.202,653.4,0.36,0.79,water-based,1146.04
1101.12,918.92,2.3,21.54,a36,122.95,0.284,655.58,0.34,0.75,water-based,1200.3
1154.97,869.27,1.55,21.89,aisi 316,118.33,0.281,677.6,0.3,0.8,dry,1039.34
1187.57,955.62,4.4,34.69,a36,158.26,0.131,680.57,0.34,1.06,oil,1277.1
1066.53,936.63,2.25,30.11,aisi 316,145.72,0.173,632.17,0.38,0.92,dry,1245.09
1177.17,917.46,3.53,32.7,a36,157.59,0.224,631.52,0.4900999999999999,0.92,oil,1238.17
1116.87,893.21,3.62,24.86,a36,163.81,0.132,618.79,0.48,0.84,dry,1149.89
1178.53,871.22,3.33,30.15,ss400,155.31,0.294,670.96,0.46,0.82,oil,1209.53
1111.84,888.83,2.44,28.91,ss400,163.16,0.283,693.46,0.47,0.56,oil,1214.5
1059.76,932.66,2.31,29.05,aisi 316,148.61,0.133,640.55,0.34,0.73,oil,1031.03
1068.62,956.54,3.29,30.24,a36,126.26,0.124,642.76,0.4,0.75,water-based,1091.18
1152.4,946.3,4.1,28.63,aisi 304,171.16,0.117,694.0,0.47,0.61,water-based,1273.04
1162.99,885.33,4.34,26.44,ss400,138.22,0.282,665.17,0.32,0.68,dry,1084.42
1104.78,866.41,1.82,24.14,aisi 304,131.29,0.139,663.09,0.49,0.6,dry,1109.68
1181.93,904.23,1.96,31.53,ss400,146.44,0.183,614.27,0.32,0.8,oil,1067.17
1066.92,846.95,4.33,23.39,ss400,131.74,0.19,670.36,0.38,0.88,oil,1118.95
1146.7,909.7,3.71,30.39,a36,141.65,0.22,622.13,0.41,0.91,water-based,1176.94
1089.45,895.57,4.15,23.5,ss400,156.88,0.114,615.98,0.49,0.84,water-based,1186.71
1117.41,886.02,2.11,29.38,aisi 304,156.97,0.145,639.6,0.27,0.7,water-based,1069.75
1152.37,852.16,3.26,31.21,ss400,132.04,0.286,632.43,0.42,0.61,dry,1141.49
1106.98,915.41,3.6,23.28,aisi 316,140.25,0.282,643.35,0.36,0.62,water-based,1139.71
1130.77,884.02,3.54,20.9,a36,171.49,0.256,606.77,0.28,0.67,dry,1072.04
1200.31,864.9,2.72,21.96,a36,159.93,0.104,678.76,0.43,0.71,water-based,1165.35
1121.16,827.2475,1.55,29.09,aisi 316,191.5,0.165,683.83,0.37,0.78,water-based,1198.25
1191.78,899.17,3.25,32.74,aisi 316,173.6,0.226,591.58,0.4,0.7,oil,1265.19
1093.51,953.17,2.26,20.67,aisi 316,172.89,0.155,679.35,0.3,0.83,dry,1151.18
1176.49,949.84,2.85,31.01,ss400,122.24,0.282,625.68,0.34,0.78,water-based,1168.06
1222.08,886.29,4.37,25.12,a36,165.28,0.227,675.71,0.39,0.8,oil,1249.88
1045.8791,881.93,2.7,27.18,aisi 316,148.94,0.114,647.95,0.32,0.91,dry,1095.75
1110.16,914.06,4.02,33.93,ss400,138.98,0.282,650.86,0.26,0.68,dry,1160.09
1178.85,870.05,2.07,24.98,aisi 316,153.36,0.292,644.45,0.49,0.84,water-based,1274.95
1139.85,909.05,3.52,26.98,aisi 304,168.9,0.116,686.36,0.35,0.8,dry,1039.28
1168.56,922.98,4.43,20.21,aisi 304,160.02,0.206,612.81,0.42,0.77,oil,1223.07
1119.8,936.81,1.81,21.22,a36,132.43,0.161,668.24,0.32,0.89,oil,1085.1
1154.33,897.0,1.5299,23.88,ss400,164.85,0.179,683.04,0.31,0.89,dry,1150.37
1142.22,893.89,2.8,20.42,aisi 304,137.25,0.136,671.49,0.32,0.71,oil,1076.21
1208.39,873.66,1.78,29.47,aisi 304,154.33,0.216,719.74,0.32,0.78,dry,1132.25
1162.72,875.19,3.75,26.4,ss400,143.93,0.292,634.13,0.36,0.83,oil,1173.11
1166.88,893.21,4.24,28.22,aisi 316,145.62,0.201,678.72,0.36,0.77,dry,1106.16
1129.41,911.02,2.8,22.62,ss400,165.32,0.117,646.82,0.35,0.86,dry,1203.36
1125.62,927.41,2.28,24.44,aisi 316,129.2,0.224,687.0,0.24,0.83,dry,1057.59
1128.37,875.9,2.8,29.96,aisi 304,188.9,0.168,649.77,0.35,0.98,oil,1167.32
1169.72,944.78,3.67,34.48,aisi 304,113.58,0.271,638.36,0.25,0.65,dry,1013.97
1128.95,891.87,1.53,20.76,aisi 304,138.05,0.187,689.18,0.24,0.79,dry,1054.96
1164.49,899.36,3.27,33.36,a36,157.4,0.139,635.25,0.48,0.71,water-based,1205.19
1253.77,877.58,3.34,28.65,a36,161.69,0.138,607.62,0.38,0.86,water-based,1192.71
1193.56,827.27,3.41,28.46,a36,147.99,0.254,634.49,0.4,0.64,dry,1080.39
1133.7,926.52,2.23,27.5,ss400,148.85,0.153,668.57,0.32,0.83,water-based,1060.92
1210.06,922.11,3.64,21.04,aisi 304,158.21,0.253,691.76,0.47,0.74,dry,1239.93
1129.6,891.56,1.77,21.35,aisi 304,145.38,0.141,653.33,0.39,0.73,water-based,1191.05
1048.09,902.01,2.1,29.01,ss400,177.86,0.164,689.55,0.43,0.66,oil,1135.67
1099.6,915.48,4.13,25.11,a36,166.79,0.193,609.25,0.31,0.75,oil,1167.18
1056.46,853.12,3.72,33.76,ss400,167.46,0.289,636.7,0.49,0.91,dry,1254.12
1132.42,884.13,1.54,26.1,a36,130.68,0.286,641.34,0.45,0.8,dry,1156.13
1150.92,923.83,2.25,22.15,aisi 304,148.41,0.141,646.56,0.46,0.86,oil,1155.11
1233.82,862.37,2.14,30.72,aisi 316,143.99,0.172,652.52,0.25,0.97,oil,1057.86
1166.35,908.81,2.31,24.4,a36,129.89,0.13,670.73,0.28,0.83,water-based,1111.29
1139.04,859.3,2.24,27.88,aisi 304,157.2,0.202,636.66,0.29,0.74,dry,1053.88
1191.47,913.99,1.69,30.47,aisi 304,139.25,0.192,654.17,0.28,0.85,oil,1079.05
1045.8791,898.93,2.88,33.5,aisi 316,163.11,0.28,648.65,0.46,0.75,oil,1255.72
1161.78,851.55,3.7,31.88,aisi 304,128.6,0.286,622.22,0.21,0.75,dry,947.79
1188.54,934.94,3.32,30.15,aisi 304,184.38,0.177,646.59,0.22,0.65,water-based,1040.8
1076.07,877.96,3.52,30.19,a36,132.07,0.198,645.69,0.28,0.89,water-based,1055.27
1207.19,875.69,1.74,34.19,a36,154.39,0.279,645.05,0.26,0.76,water-based,1149.44
1166.92,906.02,4.35,24.44,aisi 316,165.84,0.261,650.95,0.27,0.82,water-based,1155.99
1129.24,934.46,4.02,20.1898,aisi 316,138.59,0.102,652.27,0.44,0.7,oil,1105.25
1181.64,869.53,3.92,24.08,aisi 304,167.05,0.164,637.03,0.37,0.84,dry,1269.52
1263.53,901.85,3.97,23.27,a36,125.42,0.184,688.18,0.2,0.72,dry,1012.5
1159.09,912.86,4.3,29.93,aisi 316,179.04,0.146,614.92,0.33,0.79,oil,1144.47
1162.41,920.79,3.13,29.51,aisi 316,150.28,0.14,628.37,0.32,0.89,oil,1094.76
1127.03,905.29,2.1,28.9,ss400,138.07,0.108,720.9668,0.23,0.88,oil,1084.69
1107.51,888.99,3.35,20.24,aisi 316,144.02,0.229,618.86,0.4,0.8,dry,1153.48
1191.52,875.17,3.73,30.93,aisi 304,166.18,0.153,609.39,0.41,0.62,dry,1217.43
1107.2,902.58,3.71,24.85,a36,138.31,0.11,672.03,0.42,1.06,dry,1055.11
1153.58,867.84,3.06,29.98,aisi 316,135.01,0.146,587.69,0.42,0.97,water-based,1152.44
1126.12,827.2475,1.71,28.35,ss400,145.57,0.26,642.94,0.2,0.87,oil,1097.09
1173.95,913.1,2.61,25.14,a36,126.46,0.27,714.37,0.49,0.72,oil,1211.84
1166.68,927.12,4.26,22.02,aisi 316,186.41,0.197,603.65,0.44,0.79,oil,1214.83
1201.88,829.11,3.25,21.42,ss400,138.67,0.183,590.54,0.47,0.75,dry,1191.24
1124.5,869.71,3.11,32.47,aisi 316,166.63,0.296,605.02,0.2,0.93,oil,1072.57
1136.51,918.57,2.31,33.78,a36,154.19,0.14,676.95,0.48,0.83,oil,1283.03
1101.06,961.72,2.61,29.75,a36,130.31,0.143,683.74,0.44,0.72,water-based,1187.66
1127.79,900.62,4.19,21.55,a36,149.88,0.158,634.62,0.45,0.75,dry,1056.96
1168.87,878.16,3.5,26.03,aisi 304,165.68,0.135,670.5,0.23,0.91,oil,1032.23
1187.85,894.51,3.86,30.93,aisi 316,146.23,0.176,691.71,0.42,0.96,dry,1144.85
1103.89,941.25,2.86,31.7,aisi 304,173.86,0.282,703.62,0.49,0.95,dry,1300.8044
1193.48,880.62,3.39,21.77,a36,170.43,0.223,642.61,0.4,0.88,dry,1107.09
1217.78,876.02,2.25,20.1898,ss400,168.38,0.182,580.96,0.37,0.77,water-based,1160.16
1170.67,885.52,3.62,30.68,aisi 316,140.81,0.287,625.37,0.48,0.56,dry,1204.74
1243.84,871.4,2.78,25.35,aisi 304,128.4,0.11,637.2,0.33,0.83,dry,1090.01
1111.31,903.68,2.83,23.82,aisi 316,137.73,0.142,642.23,0.38,0.8,dry,1118.96
1087.77,948.74,3.45,20.19,ss400,153.92,0.213,644.36,0.34,0.81,oil,1072.03
1061.06,909.69,4.31,28.1,aisi 304,160.92,0.223,683.57,0.48,0.81,water-based,1223.6
1224.8,892.43,1.69,32.77,a36,106.57,0.108,688.23,0.22,0.67,oil,988.2
1182.72,891.25,3.97,34.36,aisi 304,149.84,0.181,644.85,0.35,0.86,water-based,1142.39
1147.22,853.1,2.38,28.49,aisi 316,153.16,0.23,682.95,0.41,0.86,water-based,1203.89
1164.0,926.49,2.83,27.72,aisi 316,144.45,0.24,660.73,0.44,0.87,dry,1207.8
1093.73,897.66,1.57,21.28,aisi 316,175.83,0.228,651.94,0.37,0.89,dry,1169.21
1265.7956,894.59,2.4,28.23,aisi 316,158.44,0.164,677.2,0.47,0.86,oil,1217.1
1156.46,969.6052,3.01,25.7,a36,176.2,0.119,652.17,0.48,0.76,water-based,1205.27
1155.47,908.96,1.67,29.11,aisi 304,145.68,0.185,711.73,0.22,0.79,dry,1074.12
1186.29,877.45,2.97,25.83,a36,168.75,0.126,606.85,0.32,0.81,dry,1040.25
1174.05,887.21,4.28,23.6,a36,182.7,0.29,634.54,0.21,0.81,dry,1068.68
1161.19,934.45,1.82,21.42,a36,176.23,0.195,646.2,0.3,0.9,dry,1153.27
1110.48,903.4,3.79,24.72,aisi 316,128.16,0.163,663.18,0.36,0.86,oil,1034.62
1173.57,856.85,2.73,21.45,aisi 316,144.93,0.253,688.04,0.47,1.01,oil,1274.2
1244.1,927.58,3.47,22.65,aisi 316,143.1,0.2,649.27,0.45,1.02,dry,1283.41
1217.27,879.96,2.28,34.81,aisi 304,159.79,0.162,607.33,0.24,0.81,dry,1049.28
1229.66,956.2,1.98,26.66,ss400,163.73,0.262,675.28,0.23,0.56,dry,1187.18
1124.44,932.4,1.98,27.98,aisi 316,133.22,0.273,672.65,0.38,0.92,dry,1159.42
1100.52,886.58,1.71,33.1,aisi 304,151.36,0.235,591.74,0.36,0.75,dry,1154.55
1143.71,938.43,2.06,34.84010000000001,aisi 316,109.6,0.109,649.89,0.28,0.72,water-based,1042.27
1152.79,902.04,3.49,28.74,aisi 316,178.84,0.213,602.3,0.47,0.76,water-based,1283.49
1204.71,925.58,4.15,32.19,a36,139.75,0.253,630.06,0.48,0.76,water-based,1231.79
1065.38,914.54,3.94,24.9,a36,151.12,0.127,622.92,0.32,0.86,water-based,1027.43
1226.48,874.61,3.56,24.59,a36,143.81,0.146,674.28,0.47,0.64,dry,1094.7
1142.1,880.69,1.83,26.04,aisi 304,172.92,0.276,653.5,0.32,0.69,water-based,1077.84
1128.66,930.9,2.37,30.09,ss400,97.4989,0.104,611.43,0.42,0.83,water-based,1123.21
1099.39,889.96,2.43,30.23,ss400,149.67,0.251,676.4,0.34,0.86,oil,1187.09
1067.26,887.89,2.25,24.73,aisi 304,147.88,0.195,606.99,0.24,0.86,water-based,1082.91
1191.16,871.35,3.05,22.0,aisi 316,140.93,0.189,659.9,0.48,0.72,water-based,1178.85
1153.67,912.71,3.11,29.49,aisi 304,184.52,0.102,625.58,0.34,0.7,dry,1081.6
1085.5,961.88,2.57,21.92,aisi 316,132.25,0.264,639.03,0.42,0.75,water-based,1114.99
1085.25,867.97,2.56,28.68,aisi 304,165.44,0.172,665.13,0.31,0.82,water-based,1170.85
1133.21,900.73,3.99,30.4,aisi 304,157.13,0.208,665.64,0.21,0.95,dry,1056.65
1233.45,942.37,3.87,30.51,aisi 304,175.23,0.235,690.11,0.23,0.6,water-based,1141.96
1137.02,897.61,2.42,31.3,ss400,136.66,0.241,647.53,0.35,0.78,dry,1091.73
1074.84,913.57,4.24,33.09,a36,135.34,0.291,659.19,0.41,0.67,water-based,1149.93
1137.71,868.13,4.36,27.5,aisi 304,171.92,0.206,636.87,0.3,0.63,oil,1076.02
1136.36,912.85,2.48,30.95,ss400,158.51,0.18,655.46,0.41,0.9,oil,1261.31
1045.8791,894.39,2.56,29.29,a36,119.1,0.291,663.18,0.41,0.85,water-based,1148.69
1147.29,929.57,3.02,22.8,a36,139.21,0.228,647.05,0.41,0.84,oil,1117.06
1138.45,935.62,4.32,20.39,aisi 304,157.73,0.16,595.89,0.35,0.89,dry,1104.41
1184.81,969.6052,4.13,24.27,aisi 316,166.76,0.125,659.94,0.47,0.75,water-based,1192.49
1242.45,917.39,1.81,26.65,aisi 316,136.42,0.269,660.94,0.35,0.76,dry,1096.51
1206.33,909.77,2.68,29.26,aisi 316,97.4989,0.172,629.59,0.34,1.02,oil,1063.8
1136.56,905.83,3.16,32.75,aisi 304,160.46,0.232,611.47,0.26,0.78,dry,1114.64
1094.67,889.41,3.01,22.94,aisi 316,125.59,0.194,694.28,0.29,0.87,oil,1079.28
1265.7956,910.15,2.08,21.88,ss400,109.65,0.14,664.74,0.21,0.8,oil,1062.37
1152.96,891.14,4.08,34.45,ss400,97.4989,0.22,643.13,0.39,0.62,oil,1085.05
1150.7,905.05,3.53,21.62,ss400,166.28,0.112,615.89,0.27,0.6,dry,1116.03
1148.79,939.53,4.01,27.18,ss400,152.57,0.183,625.35,0.29,0.74,oil,1117.83
1159.9,869.8,4.08,28.78,a36,145.49,0.209,689.08,0.43,0.91,water-based,1207.9
1142.78,934.2,3.75,28.12,ss400,177.78,0.187,654.13,0.3,0.88,oil,1079.81
1121.32,939.51,2.82,21.29,aisi 316,162.75,0.25,633.48,0.27,0.89,water-based,947.2854000000001
1122.66,896.46,3.33,20.86,aisi 304,182.33,0.266,665.29,0.25,0.7,water-based,1117.64
1148.36,836.34,1.98,21.58,aisi 316,122.15,0.254,625.57,0.43,0.96,water-based,1084.53
1122.83,881.77,3.52,28.78,ss400,149.31,0.108,695.03,0.24,0.7,water-based,1055.45
1114.36,938.91,2.04,28.17,a36,117.67,0.139,690.58,0.34,0.82,dry,1056.25
1155.32,899.31,3.58,23.51,ss400,145.41,0.207,636.0,0.35,0.8,water-based,1219.41
1137.25,870.02,2.19,29.57,aisi 304,145.03,0.287,631.14,0.41,0.78,oil,1189.61
1225.2,884.86,1.85,32.3,aisi 316,162.53,0.267,576.9243,0.39,0.93,water-based,1246.98
1045.8791,925.22,2.0,20.62,aisi 304,150.91,0.269,605.55,0.44,0.73,oil,1176.13
1204.58,916.4,1.5299,27.47,aisi 304,162.47,0.161,609.82,0.21,0.67,dry,1093.59
1212.3,892.83,3.66,30.34,aisi 304,164.07,0.186,654.06,0.29,0.8,water-based,1119.58
1046.33,889.0,3.7,23.78,aisi 316,191.9714,0.194,640.21,0.28,0.76,oil,1159.91
1132.87,888.25,3.04,24.62,ss400,143.69,0.131,609.64,0.24,1.06,dry,1030.45
1131.43,872.33,1.98,29.2,aisi 304,131.18,0.106,641.57,0.29,0.87,dry,1076.94
1079.62,948.46,1.75,33.47,aisi 316,154.92,0.289,665.16,0.29,0.76,oil,1066.47
1111.11,890.33,1.56,32.15,a36,133.95,0.148,665.84,0.36,0.69,water-based,1109.32
1094.47,936.51,2.0,28.75,aisi 316,179.64,0.148,593.01,0.4,0.61,dry,1171.64
1237.61,945.64,4.17,30.95,a36,144.34,0.117,646.15,0.31,0.7,oil,1189.9
1196.78,929.95,2.22,25.47,aisi 316,138.69,0.286,608.5,0.42,0.81,water-based,1123.72
1213.58,887.05,2.56,29.61,ss400,140.57,0.216,677.05,0.3,0.94,dry,1124.97
1186.08,912.11,1.82,26.99,aisi 304,164.37,0.233,673.52,0.29,0.91,oil,1199.04
1093.55,899.27,2.17,22.85,ss400,146.85,0.282,623.06,0.36,0.82,dry,1156.8
1123.77,872.89,3.06,30.53,aisi 316,137.17,0.169,627.02,0.21,0.77,dry,1043.33
1174.47,909.73,3.32,28.35,aisi 304,183.31,0.224,636.16,0.22,0.83,oil,1075.48
1088.89,864.63,2.24,25.38,a36,132.88,0.108,582.42,0.33,0.75,dry,1000.48
1185.65,935.63,1.67,33.67,aisi 316,150.71,0.137,660.08,0.48,0.97,oil,1300.8044
1137.98,886.06,2.67,20.31,aisi 304,163.05,0.266,641.81,0.42,0.78,water-based,1173.16
1131.26,906.03,2.2,24.74,a36,117.37,0.253,679.11,0.23,0.79,oil,1047.46
1185.55,908.5,2.16,20.85,a36,159.61,0.17,617.05,0.45,0.58,water-based,1152.09
1172.21,892.23,4.38,31.5,ss400,128.9,0.175,631.43,0.42,0.78,dry,1096.44
1131.95,917.6,3.35,30.53,aisi 316,166.46,0.207,604.8,0.38,0.88,oil,1232.33
1207.97,885.75,3.17,24.97,a36,130.75,0.102,619.87,0.45,0.69,oil,1147.58
1095.95,926.14,2.75,30.13,aisi 304,163.86,0.148,614.54,0.32,0.72,oil,1224.18
1180.8,859.62,2.79,25.94,a36,172.12,0.142,679.88,0.27,0.88,oil,1055.82
1179.66,903.79,3.12,31.34,a36,167.23,0.15,629.05,0.35,0.65,water-based,1180.56
1134.52,958.17,3.59,26.81,ss400,155.03,0.261,653.73,0.36,0.91,water-based,1128.3
1166.31,869.99,3.61,26.18,ss400,145.37,0.156,638.58,0.36,0.75,dry,1131.86
1087.44,879.67,2.02,34.02,aisi 304,138.47,0.138,611.92,0.37,0.76,dry,1150.89
1196.2,915.42,3.0,23.76,ss400,179.42,0.201,644.95,0.48,0.69,dry,1140.24
1140.75,905.39,2.74,21.81,a36,136.01,0.273,667.97,0.47,0.84,dry,1156.12
1123.86,910.52,4.11,28.77,a36,129.26,0.148,613.77,0.46,1.05,oil,1126.51
1202.45,914.68,3.39,34.54,ss400,163.31,0.116,674.27,0.44,0.88,water-based,1210.88
1114.78,919.04,3.1,25.67,a36,134.08,0.171,624.51,0.48,0.71,water-based,1163.17
1079.58,933.29,1.85,20.93,a36,131.0,0.25,635.51,0.23,0.91,water-based,1095.47
1072.17,912.29,3.32,25.09,aisi 304,121.13,0.21,665.92,0.28,0.77,water-based,1032.86
1180.3,892.76,1.85,27.59,ss400,140.34,0.263,630.1,0.35,0.94,dry,1184.73
1085.98,920.18,2.51,22.43,a36,148.35,0.292,651.13,0.45,0.88,oil,1177.35
1237.74,957.0,1.93,29.87,ss400,154.86,0.259,640.56,0.35,0.56,water-based,1194.56
1045.9,896.02,3.58,34.84010000000001,aisi 304,169.03,0.221,653.88,0.42,0.7,oil,1113.67
1234.82,870.76,2.12,26.78,ss400,160.54,0.199,578.58,0.24,0.89,oil,1189.62
1160.55,933.21,2.68,25.32,a36,146.18,0.108,595.11,0.28,0.82,oil,1081.65
1145.16,896.39,4.19,26.01,ss400,146.04,0.297,668.48,0.42,0.7,oil,1201.05
1122.75,834.82,2.11,21.73,a36,160.2,0.177,681.12,0.25,0.74,water-based,1010.94
1169.96,925.42,3.02,33.25,a36,175.45,0.13,622.69,0.31,0.61,water-based,1104.43
1148.12,883.94,2.76,26.22,a36,152.53,0.233,642.68,0.28,0.79,water-based,1085.69
1205.17,897.28,1.55,25.81,aisi 304,140.62,0.157,658.84,0.3,1.02,dry,1048.33
1155.71,909.96,3.88,29.9,ss400,130.14,0.217,670.8,0.41,0.88,water-based,1097.36
1157.52,905.71,1.71,26.63,aisi 304,121.1,0.217,589.17,0.31,1.02,dry,1070.17
1131.82,921.28,2.92,29.72,ss400,163.33,0.189,623.42,0.37,0.89,dry,1208.31
1147.15,886.94,3.18,20.92,aisi 304,161.56,0.267,640.02,0.23,0.9,dry,1049.96
1165.39,915.39,3.39,32.21,aisi 316,161.55,0.153,671.09,0.44,1.0,water-based,1185.2
1064.49,892.21,3.57,34.11,a36,147.43,0.19,720.9668,0.31,0.84,water-based,1059.11
1082.59,922.16,2.26,29.73,a36,178.14,0.208,643.16,0.39,0.78,water-based,1151.02
1187.16,918.46,1.53,34.32,aisi 304,140.32,0.233,607.79,0.42,0.9,dry,1185.3
1158.54,871.94,3.67,22.27,aisi 316,169.11,0.257,662.07,0.26,0.95,dry,1231.26
1140.8,932.58,3.11,27.16,a36,149.23,0.179,689.63,0.47,0.75,oil,1231.12
1150.92,883.92,4.01,29.03,ss400,137.83,0.229,653.24,0.38,0.73,dry,1193.34
1167.38,924.24,3.96,28.73,aisi 304,161.85,0.13,622.8,0.33,0.81,dry,1182.04
1123.01,911.02,4.03,26.02,a36,158.19,0.287,678.74,0.25,0.88,water-based,1050.15
1111.08,955.15,2.96,25.07,a36,157.14,0.177,669.91,0.48,0.88,oil,1133.59
1159.79,893.3,2.5,21.9,aisi 304,151.63,0.246,619.22,0.43,0.66,oil,1101.33
1101.08,889.52,3.87,25.88,aisi 304,149.24,0.104,661.44,0.26,0.99,oil,1128.4
1170.41,899.42,2.85,22.44,ss400,191.9714,0.141,679.92,0.3,0.74,water-based,1141.59
1064.87,890.9,2.05,31.02,ss400,173.69,0.197,685.46,0.44,0.77,oil,1149.72
1201.46,924.0,4.06,23.13,a36,164.46,0.276,648.01,0.41,0.71,oil,1157.54
1173.63,851.51,4.15,20.88,a36,152.24,0.205,639.26,0.43,1.06,water-based,1159.45
1162.8,868.39,2.9,28.29,aisi 304,170.14,0.286,686.82,0.33,0.82,oil,1182.76
1199.13,867.97,1.73,28.93,a36,160.36,0.197,613.7,0.41,0.71,dry,1177.89
1233.27,928.51,2.66,33.08,a36,150.52,0.198,663.16,0.32,0.89,dry,1117.88
1200.72,951.32,3.91,28.65,aisi 304,143.93,0.124,608.9,0.26,0.88,dry,1121.29
1057.96,896.87,4.21,25.18,a36,148.38,0.261,681.96,0.39,0.78,dry,1076.05
1086.02,894.94,2.11,32.05,a36,97.4989,0.149,642.26,0.49,0.88,dry,1096.43
1118.76,902.1,1.7,28.1,aisi 316,154.21,0.28,688.06,0.29,0.72,dry,1158.14
1151.3,934.86,4.13,21.19,ss400,140.23,0.282,664.74,0.34,0.75,dry,1096.68
1175.88,872.18,2.67,28.49,aisi 304,181.85,0.289,613.3,0.4,0.6,dry,1162.62
1113.71,907.15,3.13,33.62,aisi 316,150.39,0.204,692.74,0.36,0.67,dry,1169.5
1159.34,929.26,4.4,25.94,ss400,126.22,0.235,696.54,0.45,0.98,water-based,1162.54
1112.23,915.03,1.7,24.44,ss400,149.0,0.256,676.47,0.43,0.96,water-based,1197.83
1119.42,905.69,3.44,22.15,ss400,129.08,0.126,627.15,0.22,0.81,dry,1045.02
1079.67,930.03,1.72,22.27,aisi 316,159.47,0.22,640.82,0.4900999999999999,0.97,water-based,1300.8044
1103.84,827.2475,2.63,26.49,aisi 316,155.82,0.107,654.36,0.43,0.78,water-based,1173.78
1082.42,920.34,3.91,28.94,ss400,169.16,0.2,628.89,0.46,0.78,dry,1227.15
1101.21,880.38,2.8,21.21,a36,134.18,0.131,700.77,0.4,0.81,dry,1108.9
1202.68,845.08,4.4502,34.09,a36,150.68,0.137,654.33,0.46,0.79,water-based,1129.34
1102.53,915.34,3.18,31.33,aisi 316,122.7,0.173,576.9243,0.23,0.78,dry,1032.17
1265.7956,941.21,2.46,28.8,aisi 316,164.03,0.186,660.18,0.3,0.91,dry,1190.76
1174.67,895.88,2.16,32.43,aisi 316,160.38,0.225,639.56,0.46,0.82,dry,1250.26
1159.24,928.59,2.55,21.2,ss400,159.92,0.115,647.75,0.26,0.87,dry,1104.97
1107.08,948.37,2.62,27.15,a36,150.03,0.201,638.94,0.22,0.9,water-based,1088.38
1185.02,939.45,1.71,29.45,aisi 316,158.3,0.137,674.21,0.44,0.84,oil,1205.82
1121.22,949.2,2.61,32.43,aisi 316,182.09,0.215,683.59,0.45,0.7,water-based,1250.72
1156.1,922.26,2.89,31.75,aisi 304,144.3,0.227,658.49,0.25,0.66,oil,1023.78
1265.7956,902.26,3.67,24.16,ss400,152.77,0.211,639.82,0.46,0.81,oil,1223.58
1145.2,851.94,3.47,34.11,aisi 304,128.28,0.248,648.76,0.41,0.78,oil,1216.09
1207.46,892.62,3.63,21.87,a36,132.63,0.167,650.59,0.36,0.81,water-based,1120.03
1114.84,874.7,1.53,33.13,aisi 304,151.96,0.253,625.93,0.45,0.8,water-based,1203.3
1148.25,965.13,2.15,34.56,aisi 304,172.08,0.187,667.37,0.33,1.06,water-based,1300.8044
1238.54,894.72,3.49,22.66,aisi 304,144.87,0.197,663.8,0.26,0.67,water-based,1016.54
1118.65,903.7,2.95,30.83,ss400,145.28,0.23,696.21,0.29,0.6,water-based,1056.67
1240.62,916.54,1.5299,20.6,a36,141.86,0.104,687.66,0.35,0.83,oil,1207.07
1185.39,901.31,3.91,26.08,aisi 304,139.3,0.231,629.43,0.36,0.76,water-based,1134.18
1121.88,950.85,3.82,27.74,ss400,155.9,0.224,674.61,0.44,0.83,oil,1200.29
1181.62,881.32,3.15,28.71,a36,120.05,0.162,621.47,0.44,0.86,water-based,1079.85
1198.63,905.84,1.7,34.04,aisi 316,175.62,0.117,670.88,0.37,0.93,water-based,1248.12
1181.09,877.73,3.8,30.08,aisi 304,136.69,0.118,634.5,0.43,0.65,dry,1152.47
1071.49,860.4,3.25,27.22,a36,164.44,0.285,619.3,0.26,0.74,oil,1014.24
1113.64,881.65,3.85,32.15,aisi 304,124.6,0.238,658.4,0.22,0.84,water-based,1039.57
1137.62,898.89,3.76,34.26,aisi 316,163.38,0.125,576.9243,0.46,0.88,water-based,1195.29
1146.28,887.12,3.91,20.33,a36,163.44,0.171,597.47,0.22,1.02,water-based,1075.5
1181.03,879.23,3.05,34.74,ss400,157.68,0.218,644.68,0.27,0.9,dry,1096.55
1158.89,857.81,1.92,21.29,a36,130.11,0.267,652.47,0.41,0.79,oil,1188.27
1083.23,897.51,3.51,32.22,ss400,154.99,0.109,638.92,0.32,0.71,water-based,1154.19
1169.01,854.86,3.36,24.21,a36,126.34,0.147,602.62,0.46,0.74,water-based,1100.83
1180.53,922.8,3.73,21.98,ss400,144.94,0.278,625.46,0.29,0.74,water-based,1113.41
1177.99,902.47,2.01,26.6,aisi 316,170.59,0.102,661.74,0.2,0.87,dry,1080.8
1204.04,856.27,2.08,29.66,aisi 316,165.93,0.14,667.45,0.29,0.83,water-based,1108.12
1191.7,890.72,4.17,25.71,aisi 316,150.3,0.292,649.51,0.37,0.67,oil,1135.53
1172.96,877.44,3.75,20.82,a36,130.5,0.223,684.71,0.31,0.76,oil,1050.96
1146.49,909.58,4.22,28.99,aisi 316,162.91,0.152,661.92,0.36,0.89,oil,1241.86
1066.95,940.21,3.78,33.54,aisi 304,150.39,0.113,627.58,0.46,0.84,oil,1213.34
1171.48,843.74,3.29,25.75,aisi 316,103.59,0.106,641.58,0.47,0.86,water-based,1173.87
1160.38,903.45,3.46,23.24,ss400,165.65,0.149,607.91,0.28,0.84,dry,1129.74
1163.58,895.2,4.17,26.64,ss400,149.52,0.276,646.76,0.34,0.96,dry,1111.21
1086.16,920.14,3.24,20.73,ss400,174.05,0.183,683.36,0.36,0.82,dry,1147.6
1095.95,906.4,3.4,32.31,a36,128.09,0.244,670.56,0.48,0.76,water-based,1216.23
1202.66,877.44,1.97,32.4,aisi 304,97.4989,0.284,692.06,0.4900999999999999,0.71,dry,1104.31
1148.02,890.43,2.92,28.82,aisi 316,155.58,0.182,640.91,0.27,0.82,oil,1139.5
1184.08,876.12,3.65,25.3,aisi 304,155.83,0.138,690.38,0.42,0.56,water-based,1259.39
1151.42,932.28,2.31,32.0,aisi 304,116.19,0.203,644.2,0.31,0.78,dry,1139.72
1151.49,900.64,2.11,28.32,ss400,130.43,0.282,694.15,0.2,0.78,oil,1150.8
1196.91,957.04,2.44,32.39,ss400,191.9714,0.261,649.34,0.2,0.66,oil,1193.21
1124.2,898.18,2.22,29.47,ss400,143.89,0.113,671.22,0.34,0.71,water-based,1170.15
1154.81,878.75,2.14,31.77,a36,164.62,0.239,694.25,0.35,0.88,water-based,1141.72
1126.89,854.59,2.77,28.98,aisi 304,136.99,0.214,644.2,0.21,0.82,dry,1074.6
1128.28,845.91,4.22,26.21,aisi 304,108.19,0.281,656.55,0.41,0.81,dry,1130.38
1134.54,852.48,3.02,34.37,a36,146.59,0.124,688.67,0.29,0.83,dry,1092.24
1161.11,908.01,2.06,28.12,a36,144.69,0.207,646.01,0.37,0.81,water-based,1210.33
1126.06,915.26,1.73,29.08,a36,142.0,0.276,610.37,0.29,0.92,dry,1080.75
1212.79,852.56,3.59,23.31,aisi 304,147.71,0.182,714.29,0.25,0.81,dry,1064.61
1105.27,926.85,2.65,29.38,aisi 304,155.29,0.196,635.91,0.32,0.65,oil,1109.74
1140.66,885.51,3.97,28.57,ss400,147.0,0.114,654.76,0.27,0.96,oil,1048.09
1128.01,904.4,3.48,22.77,ss400,124.72,0.156,684.68,0.36,0.84,oil,1116.75
1222.35,948.37,3.89,20.89,aisi 304,159.72,0.165,631.75,0.26,0.74,dry,1003.1
1159.83,926.91,2.32,29.07,ss400,111.01,0.289,619.76,0.35,0.67,water-based,1180.58
1201.59,891.94,3.58,31.46,a36,108.99,0.157,657.61,0.25,0.84,oil,1042.11
1075.72,873.26,2.29,27.85,aisi 316,164.78,0.192,596.21,0.4,0.79,water-based,1133.11
1163.35,835.45,4.32,23.4,ss400,160.14,0.234,641.36,0.43,0.96,dry,1153.22
1194.48,878.43,3.41,30.0,aisi 304,148.85,0.132,657.35,0.23,0.77,dry,1051.3
1154.11,893.67,2.47,21.2,ss400,122.09,0.197,641.9,0.34,0.72,oil,1125.89
1203.27,870.38,2.31,26.63,ss400,135.84,0.248,603.7,0.22,0.89,water-based,1128.29
1124.14,896.06,2.07,22.45,ss400,144.75,0.273,697.83,0.38,0.89,oil,1138.0
1220.47,902.31,3.58,22.77,aisi 316,118.08,0.225,653.11,0.28,0.82,dry,1035.54
1264.94,893.25,2.16,23.03,a36,135.22,0.234,692.93,0.36,0.87,water-based,1192.03
1131.86,880.5,3.29,25.8,aisi 304,163.05,0.125,642.2,0.36,0.8,oil,1085.83
1127.72,905.06,2.29,20.77,aisi 316,178.55,0.289,623.6,0.48,0.82,dry,1238.07
1222.67,913.26,3.49,25.97,aisi 304,141.61,0.127,658.08,0.36,0.92,oil,1149.51
1228.98,867.29,3.94,27.68,aisi 304,165.13,0.255,643.53,0.37,0.86,water-based,1209.79
1123.86,942.33,3.83,27.25,aisi 304,111.72,0.153,614.67,0.32,0.78,water-based,1099.73
1128.99,897.04,3.78,25.74,aisi 316,163.19,0.287,694.09,0.48,0.94,water-based,1185.15
1135.91,900.57,2.06,32.59,a36,133.92,0.244,631.33,0.43,0.56,water-based,1049.11
1082.78,921.25,1.77,22.18,aisi 304,156.15,0.251,594.79,0.29,1.01,water-based,1089.49
1104.07,907.0,3.6,27.59,a36,145.04,0.144,689.84,0.45,0.63,oil,1216.7
1099.79,928.59,2.61,20.93,a36,176.41,0.189,634.87,0.33,0.74,oil,1211.71
1111.61,908.61,2.8,21.07,ss400,132.51,0.224,631.77,0.45,0.8,oil,1251.03
1148.27,881.63,1.59,28.61,aisi 316,162.55,0.254,597.04,0.45,0.79,oil,1208.5
1161.71,910.85,2.28,28.49,aisi 316,144.41,0.121,702.23,0.26,0.9,dry,1007.98
1227.53,865.69,1.6,33.17,ss400,146.83,0.292,611.32,0.41,0.69,dry,1098.1
1100.08,903.26,4.14,28.37,ss400,146.32,0.278,651.75,0.29,0.83,oil,1087.49
1199.22,899.0,2.23,34.4,a36,133.09,0.154,677.38,0.29,0.74,dry,1080.64
1139.3,893.76,3.17,20.73,aisi 304,149.72,0.265,662.65,0.29,0.83,dry,1156.89
1147.53,896.14,1.62,21.47,aisi 316,148.75,0.204,648.21,0.42,0.79,water-based,1214.76
1183.74,843.54,3.5,20.66,aisi 304,154.82,0.192,598.95,0.27,0.81,oil,1082.68
1093.86,883.54,2.47,22.78,aisi 304,151.69,0.163,625.71,0.2,0.75,dry,965.94
1169.12,902.79,4.19,28.12,ss400,165.96,0.216,655.63,0.41,0.75,dry,1148.43
1158.32,904.8,4.16,29.68,aisi 304,168.47,0.246,626.38,0.25,0.83,oil,1129.48
1174.62,869.17,2.48,20.68,a36,128.99,0.182,656.1,0.23,0.89,water-based,1069.93
1164.46,937.97,4.2,34.19,ss400,167.38,0.226,670.45,0.27,0.74,oil,1176.0
1265.7956,874.01,4.4502,32.63,aisi 304,126.27,0.24,678.88,0.31,0.71,water-based,1075.2
1118.11,929.08,3.98,24.45,ss400,161.76,0.242,613.21,0.34,0.86,dry,1182.85
1123.45,912.82,4.03,21.16,a36,162.39,0.11,715.9,0.21,0.8,water-based,1055.09
1118.84,880.61,2.25,22.55,a36,111.77,0.272,673.02,0.49,0.88,water-based,1101.07
1122.23,953.26,3.23,21.9,aisi 304,151.86,0.192,649.95,0.41,0.71,oil,1101.72
1118.13,864.19,1.7,21.85,ss400,140.63,0.152,682.69,0.3,0.62,dry,1097.4
1209.45,927.57,1.78,27.78,aisi 304,134.82,0.148,720.96,0.3,0.75,oil,1099.76
1221.03,930.02,4.4502,23.69,aisi 304,177.02,0.197,606.84,0.33,0.72,oil,1230.75
1121.46,879.88,2.48,25.37,ss400,136.93,0.277,643.24,0.39,0.79,dry,1175.3
1108.38,941.77,3.74,34.84,aisi 304,133.87,0.176,578.65,0.24,0.74,oil,1025.78
1173.57,892.5,3.92,30.26,a36,151.51,0.25,655.78,0.26,0.87,oil,1103.54
1122.39,908.66,4.07,34.23,ss400,163.71,0.119,660.96,0.46,0.77,water-based,1218.16
1181.65,907.81,4.4502,22.14,ss400,147.17,0.195,648.83,0.28,0.82,oil,1067.78
1160.15,895.97,2.22,25.73,ss400,173.33,0.29701,630.36,0.31,0.82,dry,1131.36
1074.21,924.32,1.62,28.32,ss400,160.62,0.254,588.51,0.46,0.82,oil,1253.48
1227.38,923.8,2.73,21.15,aisi 304,106.44,0.142,661.21,0.4,0.8,water-based,1155.35
1239.79,847.54,1.89,20.1898,aisi 304,139.41,0.2,693.66,0.3,0.85,oil,1138.05
1119.36,939.13,1.57,30.06,a36,138.76,0.147,632.27,0.41,0.72,oil,1207.05
1130.61,850.13,2.58,29.63,aisi 316,159.59,0.182,663.2,0.21,0.94,oil,1060.23
1164.29,930.98,3.85,26.16,aisi 316,97.5,0.256,602.96,0.42,0.78,water-based,1209.92
1166.72,933.8,3.2,27.34,a36,191.9714,0.254,663.72,0.35,0.67,dry,1142.83
1182.93,867.27,2.44,26.23,aisi 316,160.62,0.146,638.2,0.44,0.82,dry,1137.62
1250.51,887.68,3.46,20.36,a36,152.98,0.284,627.13,0.49,0.71,water-based,1125.65
1141.15,866.83,2.2,25.03,aisi 304,173.63,0.219,627.19,0.48,0.87,water-based,1205.77
1110.09,893.55,1.54,22.66,ss400,191.9714,0.176,638.19,0.47,1.02,oil,1241.99
1081.03,890.76,3.79,21.48,ss400,167.41,0.2,661.47,0.35,0.72,dry,1145.65
1113.45,923.39,3.37,34.35,aisi 304,168.98,0.221,610.64,0.31,0.83,water-based,1164.29
1148.34,939.31,3.79,28.99,ss400,152.61,0.212,638.09,0.34,0.62,dry,1075.69
1239.73,941.87,1.62,30.93,ss400,147.17,0.197,648.76,0.41,0.85,oil,1214.95
1124.12,883.13,4.01,24.73,aisi 316,140.48,0.201,617.03,0.47,0.71,water-based,1141.54
1161.19,893.72,3.36,25.9,aisi 304,133.48,0.135,703.9,0.26,0.74,dry,956.14
1149.18,849.5,3.19,23.55,aisi 316,136.26,0.263,624.4,0.48,0.69,dry,1114.49
1209.42,875.82,3.37,21.45,aisi 316,122.99,0.208,629.92,0.44,0.87,oil,1118.72
1265.7956,928.95,4.09,22.69,ss400,148.48,0.126,620.65,0.49,0.9,water-based,1300.8044
1123.46,948.47,3.26,31.96,ss400,116.31,0.253,703.95,0.46,0.8,dry,1198.84
1125.53,862.97,3.24,30.16,aisi 304,153.82,0.286,666.59,0.28,0.71,oil,1135.38
1202.21,882.23,4.4502,28.2,ss400,149.27,0.289,621.9,0.23,0.96,dry,1048.21
1184.09,899.21,3.77,27.13,ss400,152.94,0.174,683.19,0.23,0.72,oil,1150.52
1242.34,908.4,2.83,33.84,aisi 304,139.56,0.127,656.02,0.29,0.58,dry,1159.95
1179.2,875.71,3.62,21.09,ss400,191.9714,0.204,657.72,0.38,0.85,dry,1127.22
1132.04,912.72,2.67,24.21,aisi 316,177.2,0.123,639.67,0.44,0.69,oil,1147.94
1179.53,885.78,2.19,25.25,aisi 304,125.11,0.287,627.52,0.47,0.9,water-based,1222.17
1205.44,899.57,3.29,31.74,ss400,154.66,0.137,660.13,0.39,0.76,oil,1220.03
1191.02,916.39,4.28,34.84010000000001,a36,137.84,0.151,633.65,0.2,0.86,water-based,1025.32
1175.36,900.19,4.29,23.61,aisi 304,129.71,0.181,704.5,0.26,0.94,dry,1049.1
1203.33,886.91,2.53,33.11,aisi 304,123.2,0.177,611.92,0.23,0.68,dry,1014.8
1208.46,896.71,3.08,32.46,a36,158.64,0.259,696.08,0.31,0.74,oil,1157.39
1219.11,897.35,2.13,23.37,ss400,136.37,0.191,646.66,0.35,0.79,oil,1207.28
1182.44,888.9,4.4502,25.99,ss400,169.36,0.134,658.97,0.21,0.95,water-based,1070.17
1141.64,892.24,4.44,26.15,aisi 304,169.88,0.153,674.99,0.3,0.73,water-based,1156.89
1157.34,947.96,3.45,34.67,aisi 304,177.48,0.202,631.09,0.25,0.74,water-based,1100.9
1210.33,916.83,3.91,22.71,ss400,132.95,0.129,675.93,0.39,0.85,oil,1107.29
1109.15,891.14,3.65,31.99,ss400,159.51,0.222,576.9243,0.34,0.74,dry,1178.49
1168.43,920.91,3.28,25.01,aisi 316,162.65,0.213,628.4,0.35,0.82,oil,1207.91
1130.33,889.99,1.66,30.96,aisi 304,140.52,0.243,622.28,0.33,0.64,dry,1146.39
1151.44,935.19,2.86,26.3,aisi 304,134.56,0.288,612.39,0.49,1.02,oil,1159.01
1213.92,911.09,3.52,28.68,a36,182.19,0.282,643.55,0.26,0.67,oil,1116.82
1159.55,896.78,3.53,32.49,aisi 316,154.55,0.289,661.57,0.35,0.77,water-based,1221.6
1152.32,913.43,2.62,32.06,ss400,162.72,0.149,671.08,0.42,0.8,dry,1208.37
1082.01,852.87,4.33,33.0,aisi 316,133.56,0.126,657.23,0.37,0.99,oil,1060.37
1187.31,866.2,2.0,20.89,ss400,125.61,0.16,630.03,0.48,0.67,oil,1181.31
1182.27,864.18,3.0,30.38,ss400,138.61,0.279,661.07,0.31,1.0,dry,1124.47
1258.16,904.29,3.57,22.1,aisi 316,147.52,0.294,653.73,0.34,0.88,oil,1267.84
1134.61,951.98,3.59,26.24,aisi 304,128.72,0.272,678.08,0.23,0.84,dry,1139.55
1160.96,966.94,3.45,28.23,ss400,149.8,0.122,673.31,0.38,0.7,water-based,1194.97
1162.47,919.14,2.33,26.04,aisi 316,116.23,0.289,650.91,0.29,0.86,water-based,1176.27
1228.87,915.03,1.97,27.79,a36,127.6,0.185,623.08,0.25,0.73,dry,1063.97
1145.24,845.97,3.41,34.84010000000001,aisi 316,163.42,0.102,630.41,0.36,0.93,water-based,1202.2
1163.95,883.72,3.3,22.03,a36,162.08,0.188,633.51,0.36,0.7,dry,1182.19
1180.39,876.37,2.04,30.13,ss400,142.16,0.109,640.54,0.22,0.79,oil,1086.22
1159.33,881.37,3.62,25.94,aisi 316,129.64,0.209,658.04,0.41,0.74,oil,1123.43
1127.68,894.96,2.87,22.0,aisi 316,129.45,0.168,671.46,0.39,0.7,dry,1012.37
1159.7,885.84,3.5,22.38,a36,142.53,0.195,648.47,0.26,0.87,oil,1054.5
1203.68,840.62,4.01,34.24,aisi 316,162.89,0.223,650.48,0.34,0.85,water-based,1224.06
1098.67,922.44,2.01,33.19,aisi 316,168.56,0.274,654.3,0.42,0.92,oil,1282.79
1156.65,867.82,1.56,33.61,ss400,140.07,0.232,634.52,0.36,0.62,oil,1176.16
1114.99,907.18,3.84,34.84010000000001,aisi 316,126.93,0.187,622.24,0.32,0.91,dry,1077.86
1209.75,962.22,3.33,23.12,aisi 304,155.36,0.264,597.34,0.3,1.05,water-based,1069.98
1073.84,872.42,3.6,25.33,a36,133.53,0.281,629.15,0.38,0.75,oil,1064.75
1122.05,827.2475,4.01,30.04,aisi 316,139.63,0.124,664.19,0.48,0.99,oil,1162.04
1168.86,891.42,3.91,27.26,a36,176.51,0.206,628.91,0.4,0.77,dry,1152.84
1228.28,933.03,4.38,26.28,a36,166.54,0.157,642.87,0.22,0.66,dry,1099.16
1146.71,958.75,3.11,25.37,a36,153.16,0.109,663.99,0.34,0.77,water-based,1210.36
1122.24,863.11,2.97,28.91,aisi 316,124.56,0.234,665.62,0.47,0.9,oil,1184.24
1244.06,914.9,2.71,28.63,aisi 316,154.23,0.273,617.61,0.23,0.72,dry,1110.47
1077.6,886.04,1.96,22.42,a36,171.25,0.133,679.91,0.4900999999999999,0.74,dry,1156.89
1045.8791,896.82,3.22,27.08,aisi 304,142.49,0.262,683.82,0.48,0.86,dry,1175.36
1172.0,969.6052,2.33,28.3,a36,177.02,0.271,616.1,0.22,0.8,water-based,1092.22
1124.9,854.91,4.26,28.55,aisi 304,175.85,0.283,625.28,0.48,0.86,dry,1228.55
1098.94,907.61,3.25,23.15,a36,183.27,0.153,685.73,0.31,0.82,water-based,1139.84
1185.42,914.03,3.28,31.13,ss400,156.1,0.281,645.59,0.45,0.85,water-based,1266.78
1162.19,932.57,2.56,20.38,a36,161.75,0.164,583.41,0.33,0.76,oil,1126.16
1121.8,902.94,1.66,25.32,a36,178.28,0.21,608.01,0.33,0.82,oil,1161.72
1085.98,909.24,1.6,31.7,aisi 316,158.95,0.11,642.52,0.39,0.71,water-based,1062.49
1193.62,888.25,2.77,28.46,aisi 304,139.98,0.109,615.11,0.43,0.93,oil,1197.78
1182.51,908.07,1.75,23.92,ss400,141.03,0.244,637.6,0.21,0.74,oil,1048.79
1145.04,889.7,3.32,30.42,aisi 304,154.77,0.189,650.97,0.38,0.91,dry,1104.07
1242.33,918.65,4.14,28.51,ss400,124.19,0.151,693.87,0.26,0.78,oil,1041.33
1096.5,888.91,4.15,31.94,a36,147.13,0.138,641.29,0.3,0.82,water-based,1095.72
1073.72,911.31,3.48,31.03,aisi 316,171.93,0.234,682.18,0.3,0.75,oil,1123.02
1115.4,899.12,2.13,29.15,aisi 316,106.17,0.102,692.86,0.34,0.7,dry,968.2
1147.72,933.78,4.09,27.32,aisi 304,180.69,0.261,693.03,0.3,0.63,water-based,1172.11
1162.17,898.46,4.16,22.0,aisi 316,172.45,0.116,658.54,0.23,0.69,oil,993.48
1137.94,846.81,2.09,23.92,aisi 304,140.8,0.138,591.1,0.24,0.77,water-based,1038.71
1167.6,937.86,3.71,26.29,aisi 304,160.87,0.177,663.82,0.21,0.82,oil,1091.92
1087.42,872.83,2.36,28.99,ss400,150.06,0.197,681.45,0.34,0.9,dry,1182.18
1222.19,880.39,3.91,27.71,aisi 304,174.6,0.171,647.57,0.49,0.76,oil,1300.8044
1145.89,882.13,4.4502,24.32,ss400,169.65,0.164,702.34,0.23,0.71,water-based,1020.68
1205.86,941.23,1.59,20.1898,aisi 316,122.0,0.293,675.8,0.48,0.66,water-based,1197.47
1167.14,835.93,4.19,27.44,aisi 304,161.75,0.228,667.05,0.42,0.85,water-based,1170.47
1172.84,969.6052,3.37,24.28,aisi 304,145.89,0.105,682.59,0.39,0.94,oil,1182.86
1178.49,931.68,4.42,31.02,a36,151.66,0.186,660.0,0.39,0.93,oil,1182.1
1172.39,906.7,2.9,20.36,aisi 304,135.44,0.275,576.9243,0.45,0.87,oil,1152.43
1182.14,898.35,4.04,28.77,aisi 304,184.96,0.16,635.03,0.23,0.86,dry,1090.43
1216.46,908.57,1.69,34.12,a36,170.8,0.119,685.92,0.35,0.97,dry,1136.19
1159.83,915.63,2.51,22.62,a36,135.2,0.252,625.77,0.41,0.83,dry,1186.43
1185.45,919.36,1.7,27.07,aisi 316,123.31,0.221,643.3,0.38,0.86,water-based,1183.29
1145.51,916.67,4.43,21.37,aisi 304,142.29,0.214,618.65,0.45,0.77,water-based,1199.35
1222.01,902.69,3.95,29.39,aisi 316,158.69,0.111,703.52,0.22,0.66,water-based,1072.35
1116.18,894.08,4.06,28.26,aisi 316,154.8,0.128,700.44,0.41,0.73,water-based,1118.55
1240.05,895.46,4.31,26.11,a36,175.06,0.225,623.48,0.36,0.8,water-based,1126.18
1147.99,894.15,1.76,27.82,ss400,165.8,0.142,654.42,0.31,0.81,oil,1164.84
1078.46,934.01,2.66,33.45,aisi 316,169.39,0.201,629.59,0.3,0.99,water-based,1112.77
1156.41,917.81,1.71,22.94,ss400,156.54,0.209,668.45,0.39,0.81,oil,1278.36
1115.95,827.2475,2.13,20.34,aisi 304,122.21,0.157,665.29,0.47,0.92,dry,1052.48
1192.03,919.68,2.19,32.92,a36,146.09,0.29,674.35,0.35,0.76,dry,1177.23
1117.37,905.84,2.91,28.66,aisi 304,171.2,0.268,659.96,0.45,0.77,dry,1287.4
1127.69,899.44,2.31,33.36,aisi 304,148.97,0.244,720.9668,0.32,0.67,dry,1157.21
1055.52,888.34,1.8,28.95,a36,160.06,0.116,619.16,0.23,0.73,dry,1030.77
1127.38,933.72,2.0,32.15,aisi 304,143.63,0.121,598.68,0.22,0.85,water-based,1017.33
1045.8791,928.43,1.94,26.45,a36,129.4,0.199,638.21,0.22,0.8,water-based,947.2854000000001
1070.8,876.81,4.42,31.25,ss400,147.53,0.132,602.96,0.31,0.89,water-based,1136.65
1188.02,912.21,3.78,33.7,aisi 304,156.18,0.296,605.23,0.3,0.82,dry,1226.75
1189.29,870.85,4.4,28.58,a36,136.89,0.132,619.96,0.42,0.76,dry,1094.93
1171.27,858.61,2.82,22.71,aisi 316,145.29,0.197,622.33,0.42,1.01,oil,1119.4
1101.65,881.2,2.34,24.03,aisi 304,131.21,0.173,621.36,0.22,0.79,water-based,947.2854000000001
1147.61,925.87,3.89,22.98,ss400,172.38,0.228,665.55,0.27,0.92,dry,1092.48
1149.82,928.59,2.48,23.7,a36,144.11,0.126,634.81,0.28,0.76,dry,1048.2
1092.08,915.39,2.4,24.6,aisi 304,179.06,0.186,644.61,0.36,0.87,dry,1232.49
1225.17,921.75,2.2,28.33,aisi 304,180.57,0.155,676.83,0.24,0.89,oil,1183.65
1193.87,915.49,1.89,28.82,aisi 304,148.38,0.278,627.01,0.24,0.82,dry,1126.53
1138.95,880.76,2.27,26.4,ss400,129.83,0.108,642.06,0.48,0.56,oil,1123.95
1151.34,912.96,2.57,29.23,a36,108.28,0.283,660.97,0.44,0.8,oil,1115.41
1160.42,924.01,3.52,21.22,aisi 316,120.56,0.267,591.75,0.25,0.92,water-based,1141.15
1047.91,922.63,1.69,21.32,aisi 316,122.52,0.16,578.45,0.32,0.85,dry,1054.81
1137.64,935.67,2.13,22.58,aisi 316,177.57,0.258,660.38,0.31,0.84,oil,1062.75
1115.9,921.25,3.93,27.77,a36,152.32,0.106,664.76,0.44,0.63,dry,1086.61
1099.92,910.54,1.94,23.21,aisi 316,157.79,0.293,711.93,0.35,0.73,water-based,1113.67
1135.94,932.1,2.53,24.25,ss400,105.59,0.205,654.74,0.24,0.84,water-based,1023.78
1239.88,899.2,4.09,26.0,a36,126.04,0.161,674.59,0.42,0.84,oil,1172.36
1182.04,873.54,1.96,32.18,aisi 304,167.74,0.173,644.14,0.32,0.92,water-based,1165.92
1121.44,895.11,1.75,20.21,ss400,155.74,0.113,658.92,0.28,0.79,water-based,1086.89
1178.63,877.65,2.95,29.74,aisi 304,147.06,0.29701,700.02,0.31,0.84,water-based,1217.99
